Number,Case,Word,Item,Ending,Citation,Source,Date,Type
SG,A,zem,a gyuz pohrzebena wſyu zemyu obranyta,-u,DalC. Chrest 14a,Porák p. 63,1300-1400,Porák
SG,N,píl,snad mu bude tiem píl,-∅,Trist. 93.,"Gebauer, p. 203",1449,Gebauer
SG,N,obec,iudex de Predmer iuratique et opecz,-∅,PREDMIER 1312/1417 RDSl,"HSSJ ""obec""",1312-1417,Blanár et al.
SG,N,hráz,mons Hraza (toponym),-a,v Socovciach 1392/1447,"HSSJ ""hrádza""",1392-1447,Blanár et al.
SG,A,obec,zze obeſſlawſſe obecz welyku Noweho myeſta prazſkeho,-∅,MěstKnih. Chrest. A 30,Porák p. 166,1402,Porák
SG,N,obec,tu obecz welika potazawſſy ſye o ty y gyne nehody,-∅,MěstKnih. Chrest. A 30,Porák p. 166,1402,Porák
SG,G,obec,yhned proſſyl naſſ konſſyelow zan a my konſſyele obczye wſſye,-e/-ě,MěstKnih. Chrest. A 30,Porák p. 166,1402,Porák
PL,A,obec,a tak ta gysta obczye y ſ namy,-e/-ě,MěstKnih. Chrest. A 30,Porák p. 166,1402,Porák
SG,A,polovic,"(vdova) wezme wsseho polowiczi, czoz gest w tem domie zustalo",-i,ŽK 1433,"HSSJ ""polovica""",1433,Blanár et al.
SG,G,chvíl,"maji zustati do tey chwiele, až onenno vgde",-e/-ě,ŽK 1437,"HSSJ ""chvíľa""",1437,Blanár et al.
SG,A,chvíl,w tu chwili muz nechcze gednu zenu drzeti,-i,ŽK 1437,"HSSJ ""chvíľa""",1437,Blanár et al.
SG,A,chvíl,"kazdy den, kazdu chwili magi pokoy miti stále",-i,ŽK 1437,"HSSJ ""chvíľa""",1437,Blanár et al.
SG,N,stráž,Strase (toponym),-e/-ě,1439,"HSSJ ""stráž""",#N/A,Blanár et al.
SG,D,obec,vrozenynym (!) panom Petr Torowy a Pauly Yaurowy y wssie obczy miesta Bardieiowa,-i,MUSZYNA 1441,"HSSJ ""obec""",1441,Blanár et al.
PL,A,zem,zemie powrubowe aby wydany bili,-e/-ě,ŠARIŠ 1455,"HSSJ ""zem""",1455,Blanár et al.
SG,A,věž,přidali jsme jemu wiezi wodnu,-i,KolAO. 22a,"Gebauer, p. 207",1468,Gebauer
SG,N,roveň,Rowne (toponym),-e/-ě,1471,"HSSJ ""roveň""",#N/A,Blanár et al.
SG,A,mříž,(kto by) chtiel druhemv obluk nebo okno vdielati a chtiel by ten obluk zachowati zeleznu mrzezy muoz se to stati dobrze,-i,ŽK 1473,"HSSJ ""mreža""",1473,Blanár et al.
SG,A,zem,kde dwa cloweky jednu zemu orze mají deliti,-u,ŽK 1473,"HSSJ ""zem""",1473,Blanár et al.
SG,G,zem,"Matej súkenník prosil nás, abychme mu ten kus zemie, ktery jest wedle jeho zahrady dali",-e/-ě,ŽK 1473,"HSSJ ""zem""",1473,Blanár et al.
SG,A,zem,przez oraczy zemu,-u,ŽK 1473,"HSSJ ""zem""",1473,Blanár et al.
PL,L,zem,"o zemich neb erbich, na ktere by clowek primluwu mel",,ŽK 1473,"HSSJ ""zem""",1473,Blanár et al.
PL,A,zem,má-li on pak zemie neb erby,-e/-ě,ŽK 1473,"HSSJ ""zem""",1473,Blanár et al.
SG,A,postel,(žena) ma mužowi postel vstlati,-∅,ŽK 1473,"HSSJ ""posteľ""",1473,Blanár et al.
SG,G,tvrz,"take nemuoz zadne twrzy ani miesta zawrzeneho, zdij vtwrzeneho neb parkem, ani na huorze osaditi, ani mezy wodami wstawiti, ani kapitule w ktere wsy osaditi bez wuole rychtarze zemskeho",-i,ŽK 1473,"HSSJ ""tvrdz""",1473,Blanár et al.
SG,N,tvrz,tehdy ta twrz winna gest w tom skutku,-∅,ŽK 1473,"HSSJ ""tvrdz""",1473,Blanár et al.
SG,L,tvrz,o twrzy neb zamku,-i,ŽK 1473,"HSSJ ""tvrdz""",1473,Blanár et al.
SG,N,roveň,Rownye (toponym),-e/-ě,1475 Lednické Rovne,"HSSJ ""roveň""",#N/A,Blanár et al.
SG,N,mez,medza započyna se od potoka,-a,BUDATÍN 1478,"HSSJ ""medza""",1478,Blanár et al.
SG,A,obec,"oppatrny muž Melchior przistupowal gest niekolikrat przede wssecku obecz spolu sebranu a zadal gest od wsseczkey obcze, aby gemv sedieni puste, Kachawinske gmenem, bylo prodano",-∅,ŽK 1482,"HSSJ ""obec""",1482,Blanár et al.
SG,G,obec,"oppatrny muž Melchior przistupowal gest niekolikrat przede wssecku obecz spolu sebranu a zadal gest od wsseczkey obcze, aby gemv sedieni puste, Kachawinske gmenem, bylo prodano",-e/-ě,ŽK 1482,"HSSJ ""obec""",1482,Blanár et al.
SG,A,hráz,plot neb hrazy dělati,-i,KolB. 67a,"Gebauer, p. 207",1497,Gebauer
SG,N,stráž,Ztrasa (toponym),-a,1511 Stráža pri Žiline VSO,"HSSJ ""stráž""",#N/A,Blanár et al.
SG,A,polovic,s tiech malych roli panv Mikulassowi wissnia polowicz a panv Pangraczowi nizni polowicz,-∅,s. l. 1520 SČL,"HSSJ ""polovica""",1520,Blanár et al.
SG,L,postel,sestra svoj statek poruczyla jiz na smrtelny posteli,-i,D. VODA 1538 SLL,"HSSJ ""posteľ""",1538,Blanár et al.
SG,L,roveň,v Rovny (toponym),-i,BUKOVINA 1544,"HSSJ ""roveň""",1544,Blanár et al.
SG,G,obec,"vyslaly sme k Vassym Milostem dvu susedov nassych, jedneho z rady a druheho z obczy",-i,N. MESTO n. V. 1549,"HSSJ ""obec""",1549,Blanár et al.
SG,A,polovic,"Andriss odkupil polowiczu od Martina, bratancza sweho, za fl 53",-u,s. l. 1551,"HSSJ ""polovica""",1551,Blanár et al.
SG,D,obec,"mudrym a oppatrnym panom, panu rychtarzi a raddie y wssy obczy miesta Trnawy",-i,BÁNOVCE n. B. 1555,"HSSJ ""obec""",1555,Blanár et al.
SG,N,rozkoš,Pawel Rozsskoss (name),-∅,TRNAVA 1555,"HSSJ ""rozkoš""",1555,Blanár et al.
SG,L,postel,"to prawym na tey smrtedlney postiely a wyznawam, zie sem nycz nedluzen Hanusowi",-i,ŽILINA 1556,"HSSJ ""posteľ""",1556,Blanár et al.
SG,A,polovic,Girik Hanno toho poldruha quentyna Mezy moczydly ma polowiczu uzywati y wladnuti a Bene Puchalla magicze take tak dobru pokrwnost y sprawedliwost k tym poldruha quentyna Mezy moczidly ma tak prawu polowiczy wladnuti y uziwati,-u,P. ĽUPČA 1558,"HSSJ ""polovica""",1558,Blanár et al.
SG,A,chvíl,ya kdj k tomu chwily budu miet,-i,Č. KAMEŇ 1561,"HSSJ ""chvíľa""",1561,Blanár et al.
SG,A,naděj,"hrabynka cztyryczet beczek wyna wzala, magycze tu nadegy, že y panstwy wsseczko pod swau mocz podmany",-i,s. l. 1564,"HSSJ ""nádej""",1564,Blanár et al.
PL,D,zem,hore wstupuge k oracim zemiam,,ZVOLEN 1567,"HSSJ ""zem""",1567,Blanár et al.
SG,A,stráž,z neho (Apolonia) stráž jáblek učinili,-∅,RL 1571,"HSSJ ""stráž""",1571,Blanár et al.
SG,N,zem,"učinen jsem jako zeme bez wláhy, od lotruw obloupeny, co nahy",-e/-ě,RL 1571,"HSSJ ""zem""",1571,Blanár et al.
SG,A,polovic,"(žena) wyznala pred nassym prawom pocztiwym, že pryyala k sobe, k sweg diewcze Žoffigi wlastney Yancže, syna Blažowho Dworskeho z Bobrowecžka, za wlastneho syna k statku swemu na polowiczy neb na spolky, Yancže, sweho zethe",-i,L. TRNOVEC 1571,"HSSJ ""polovica""",1571,Blanár et al.
SG,A,polovic,"zeme k tym chysskam (ktoré si postavil) prislúchagicze, gednu W seleziech polowiczu, druhu Pod hradkom celu",-u,L. TRNOVEC 1573,"HSSJ ""polovica""",1573,Blanár et al.
SG,G,koudel,za funth kudele,-e/-ě,TURIEC 1577,"HSSJ ""kúdeľ""",1577,Blanár et al.
SG,L,chvíl,hned po maley chwyli pribehel,-i,s. l. 1580 E,"HSSJ ""chvíľa""",1580,Blanár et al.
SG,I,houšť,Hornyane poczialy pretynowaty hwsstiow czestu,,TRENČÍN 1584,"HSSJ ""húšť""",1584,Blanár et al.
SG,G,věž,za dwoge krpcze do wodneg weže dali sme Miklemu d 18,-e/-ě,ŽILINA 1585,"HSSJ ""veža""",1585,Blanár et al.
SG,A,kratochvíl,s toho meli kratochwile a yhracžku,-e/-ě,BAg 1585,"HSSJ ""kratochvíľa""",1585,Blanár et al.
SG,A,naděj,w tebe (Bože) nadiegu nassu poruczame,-u,BAg 1585,"HSSJ ""nádej""",1585,Blanár et al.
SG,L,věž,za druhj czentnar železa ke zwonu a k powalam na wežy dali sme fl 2,-i,ŽILINA 1586,"HSSJ ""veža""",1586,Blanár et al.
SG,A,rozkoš,"zde w Tepliczach messkaty musime, ne pro negaku roskoss, nez pro nedostatek zdrawy",-∅,T. TEPLICE 1588,"HSSJ ""rozkoš""",1588,Blanár et al.
SG,N,obec,my sudczy y wsseczka obecz zemanstwy widjeka Trenčžanskeho,-∅,TRENČÍN 1589,"HSSJ ""obec""",1589,Blanár et al.
SG,G,postel,lžes yako arczyzracza mordarski a kurwey postele syn,-e/-ě,BYTČA 1589,"HSSJ ""posteľ""",1589,Blanár et al.
SG,A,polovic,manzelka ma Hanna aby wzala gednu polowyczu (úrody) a dietkj me druhu polowycz,-u,ŽILINA 1592,"HSSJ ""polovica""",1592,Blanár et al.
SG,L,chvíl,pryssel dosty w kratkey chwyly,-i,OSTRIHOM 1594,"HSSJ ""chvíľa""",1594,Blanár et al.
PL,N,mříž,item w druheg swetniczy na cztiry obloky zelezne mreže,-e/-ě,TRENČÍN 1597,"HSSJ ""mreža""",1597,Blanár et al.
SG,N,díž,masla dieza,-a,s. l. 1597,"HSSJ ""dieža""",1597,Blanár et al.
SG,N,postel,postel s podnebjm gedna,-∅,TRENČÍN 1597,"HSSJ ""posteľ""",1597,Blanár et al.
SG,I,mez,"Benko Kassa nižny polowicy, ktera se z mezow geho roly spoguge, zavgal a k swemu vžitku dědičně držal",,RUŽOMBEROK 1598,"HSSJ ""medza""",1598,Blanár et al.
SG,D,obec,což aby bylo Panu Bohu wdecne cyrkwi y obcy krestanske osožne,-i,RUŽOMBEROK 1599,"HSSJ ""obec""",1599,Blanár et al.
PL,A,hráz,"Wranowy, czo hraze poprawuge na rybnykoch",-e/-ě,ŽILINA 1599,"HSSJ ""hrádza""",1599,Blanár et al.
SG,A,chvíl,toho dobru chwylj držetj,-i,HL 17. st,"HSSJ ""chvíľa""",1600-1700,Blanár et al.
PL,N,povodeň,"od nichž (prívalov) se delagi powodne, neb rozwodneny a potopy",-e/-ě,KoA 17. st,"HSSJ ""povodeň""",1600-1700,Blanár et al.
SG,A,šíř,"aby takowa kolba, k gegižto hrdlu se recipient priprawuge, gednu rurku na prst ssyr mela",-∅,OCh 17. st,"HSSJ ""šír""",1600-1700,Blanár et al.
SG,N,mez,maceria: meza s kameni zložena,-a,NP 17. st,"HSSJ ""medza""",1600-1700,Blanár et al.
PL,N,peleš,"nekudy zem yako rowina, ginde kopcowe, pelesse se spatrugi",-e/-ě,KoA 17. st,"HSSJ ""peleš""",1600-1700,Blanár et al.
PL,D,peleš,napasauce se zwirata k swim pelessem se nawracugi,,KoA 17. st,"HSSJ ""peleš""",1600-1700,Blanár et al.
SG,A,věž,(Scipio) ukazal sta wogenskych mužuw y wisoku w mori wežu,-u,COB 17. st,"HSSJ ""veža""",1600-1700,Blanár et al.
SG,L,zem,Tomášek v čiernej zemi hnije,-i,RL 17. st,"HSSJ ""zem""",1600-1700,Blanár et al.
SG,N,zem,"rubrica: czerwena zeme, kteruž se barwy",-e/-ě,KoA 17. st,"HSSJ ""zem""",1600-1700,Blanár et al.
SG,N,rez,"krestian sklada sobe poklady do nebe, kdežto ani rza any mol nekazj",-a,HL 17. st,"HSSJ ""hrdza""",1600-1700,Blanár et al.
SG,N,rohož,storea: rohoža,-a,NP 17. st,"HSSJ ""rohož""",1600-1700,Blanár et al.
PL,A,polovic,statok naš maličky na prawe dwe polowicze gsme rozdelily,-e/-ě,s. l. 17. st,"HSSJ ""polovica""",1600-1700,Blanár et al.
SG,L,naděj,"ona w sluzbe bila w teg nadegj, žeby gi za manželku pogal, s nim lihagice tehotna se stala",-i,s. l. 17. st,"HSSJ ""nádej""",1600-1700,Blanár et al.
SG,D,tíž,lekarstwy proti pichani a klani w boczich a tizi okolo srdce a zaludka,-i,RN 17.-18. st,"HSSJ ""tiaž""",1600-1800,Blanár et al.
SG,G,chvíl,"milovati budu tobe vždycky, každej chvíle",-e/-ě,ASL 1603-04,"HSSJ ""chvíľa""",1603-1604,Blanár et al.
SG,A,stráž,"cerko ma, čin tak, jak rozkáži, co nám vyleží (koza) doma, vem je na svú stráži",-i,ASL 1603-04,"HSSJ ""stráž""",1603-1604,Blanár et al.
SG,A,polovic,"(J. Škrečok) prygjmal (svojho zaťa) na swug krunt tymto spusobem, že totižto za žiwota sweho prigjmal ho na tretinu a žiwote geho, Girika Skrečka, potom na polowycu a ostatny polowyc na syrotu pozustalu",-u,TURANY 1604,"HSSJ ""polovica""",1604,Blanár et al.
SG,N,polovic,"(J. Škrečok) prygjmal (svojho zaťa) na swug krunt tymto spusobem, že totižto za žiwota sweho prigjmal ho na tretinu a žiwote geho, Girika Skrečka, potom na polowycu a ostatny polowyc na syrotu pozustalu",-∅,TURANY 1604,"HSSJ ""polovica""",1604,Blanár et al.
SG,N,polovic,"Giurko Krayči kupil winicu w Krnčissti, kteražto winica toliko gest polowic a gest mezy winiciamy, z gedneg strany gest winica Zeckowska",-∅,BÁTOVCE 1604,"HSSJ ""polovica""",1604,Blanár et al.
SG,A,báň,proty sedlysku ma pustiti gemu polowicy ban,-∅,SLIAČE 1608,"HSSJ ""báň""",1608,Blanár et al.
SG,A,obec,"kterj by mohly nasse swobodj zastawati a obecz tak riditi a sprawowati, aby zigice w pokogi mohla swjm obrancom dekowati",-∅,RUŽOMBEROK 1610,"HSSJ ""obec""",1610,Blanár et al.
SG,G,vrš,od kazdey wrsse ma dati fl 1,-e/-ě,ŠTÍTNIK 1610,"HSSJ ""vrša""",1610,Blanár et al.
SG,G,polovic,wineho ocztu gest wysse polowicze suda,-e/-ě,ORAVA 1611,"HSSJ ""polovica""",1611,Blanár et al.
SG,A,polovic,"Matula Myssko ma vziwatj a sedetj na polowicz sedljsku we dwore, a to za summu pol sedemnasta zlatieho",-∅,SLIAČE 1612,"HSSJ ""polovica""",1612,Blanár et al.
SG,N,kadeř,Matthjá Kadera (name),-a,BRUSNO 1614,"HSSJ ""kadera""",1614,Blanár et al.
SG,L,chvíl,po maleg chwyly pryde,-i,S. ĽUPČA 1615,"HSSJ ""chvíľa""",1615,Blanár et al.
SG,A,šíř,stolne ručnjki na ssjre aby byly na ryffow 3/4,-e/-ě,BYTČA 1616,"HSSJ ""šír""",1616,Blanár et al.
SG,G,obec,"Giřik Straka obwiniuge Yurku Busie na mistie manželky geho a zaluge, kterak z dowoleni wrchnosti tegto obcze, kdy mu poručeno bylo strany husy, aby ge wice nebil w sskodie",-e/-ě,SKALICA 1617 E,"HSSJ ""obec""",1617,Blanár et al.
SG,N,obec,"my rychtar, boženycy y wssecka obec poctiweg dedyny Wyhien znamo čynime tymto psanim",-∅,VYHNE 1622,"HSSJ ""obec""",1622,Blanár et al.
SG,A,mez,Gyrik Petrla mezu porussil a pohnul,-u,ŽILINA 1623,"HSSJ ""medza""",1623,Blanár et al.
SG,N,zem,"zema mezy luczkamy, ktera gest na yrek, fl 1, d 50, y to mey manzelky zanecham",-a,ZVOLEN 1624,"HSSJ ""zem""",1624,Blanár et al.
SG,N,díž,"dieža, w ktereg se ssaty zwaragu",-a,(LIKAVA) 1627,"HSSJ ""dieža""",#N/A,Blanár et al.
SG,N,kadeř,cinnus: kadere,-e/-ě,DQ 1629,"HSSJ ""kadera""",1629,Blanár et al.
SG,L,poušť,"yako Mogžess powissil hada na pussti, tak mel powissen biti sin čloweka",-i,TC 1631,"HSSJ ""púšť""",1631,Blanár et al.
SG,G,naděj,"howada, o kterich neni nadege, abi meli s mrtwich wstati",-e/-ě,TC 1631,"HSSJ ""nádej""",1631,Blanár et al.
SG,G,naděj,"abichme se nezarmuczowaly pro tich, kteri zemrely, yako bi giž o nich wicze nebilo žadneg nadege",-e/-ě,TC 1631,"HSSJ ""nádej""",1631,Blanár et al.
PL,L,zem,"co se pak toho obili dotjka, gesste w zemiach zasiate gest",,KRUPINA 1633,"HSSJ ""zem""",1633,Blanár et al.
SG,A,chvíl,pogal za ruku Fraydornu do masstali a tam za chvilu bil s nyou,-u,LIPTOV 1634-66,"HSSJ ""chvíľa""",1634-1666,Blanár et al.
SG,A,zem,"uderil Mihal Gura, az na zem padl, y na zemi by byl",-∅,NIŽNÁ 1635,"HSSJ ""zem""",1635,Blanár et al.
SG,L,zem,"uderil Mihal Gura, az na zem padl, y na zemi by byl",-i,NIŽNÁ 1635,"HSSJ ""zem""",1635,Blanár et al.
SG,A,naděj,pharisey swogu naděgu pokladal w swoge nedokonale skutky,-u,SLK 1641-57,"HSSJ ""nádej""",1641-1657,Blanár et al.
SG,G,postel,"o smrtj Samuel Erssekoweg newiem yako se stala, nebo gia toho cžasu s postele stati sem nemohol",-e/-ě,KRUPINA 1643,"HSSJ ""posteľ""",1643,Blanár et al.
SG,A,kratochvíl,mezy sebu takowj kratochwil prowazelj,-∅,DOBRAŠOV 1643,"HSSJ ""kratochvíľa""",1643,Blanár et al.
SG,N,stráž,"kdi bez spuosobu počzali drewa predawati, techdi pani, chtegice to protrhnuti, tak straž potom osadila",-∅,SKLABIŇA 1644,"HSSJ ""stráž""",1644,Blanár et al.
PL,I,hráz,kus ribnicka mne oddalj a pustilj y z hradzamy wssetkimy,,LIPTOV 1645,"HSSJ ""hrádza""",1645,Blanár et al.
SG,N,poušť,"eremus: pusscz, pustotina",-∅,VT 1648,"HSSJ ""púšť""",1648,Blanár et al.
SG,N,stráž,straž a warta aby podle obyczege y we dne y w nocy w kasstiely biwala,-∅,TRENČÍN 1649,"HSSJ ""stráž""",1649,Blanár et al.
SG,A,povodeň,usslo plty w tu welku powoden no 6,-∅,TRENČÍN 1652,"HSSJ ""povodeň""",1652,Blanár et al.
SG,G,vrš,riba wen z wrsse nepotrefuge,-e/-ě,BV 1652,"HSSJ ""vrša""",1652,Blanár et al.
SG,G,postel,"zridka se nachazj, gestlj se dwa schazj gednostagnj manzele, wždy geden mudregssy, druhj blazniwegssy kladu se do postele",-e/-ě,BV 1652,"HSSJ ""posteľ""",1652,Blanár et al.
SG,N,rozkoš,"rozkoss panowanj marnost gest na zemj, Ssalamun mudri sweczy",-∅,BV 1652,"HSSJ ""rozkoš""",1652,Blanár et al.
SG,N,naděj,"wzacna gest nadege, gestlj ti prospege w tweg negwetssy potrebe",-e/-ě,BV 1652,"HSSJ ""nádej""",1652,Blanár et al.
SG,A,šíř,"samy nižny konec od wyhoda slunce premeraly sme od brezowskeho hotara ku toriskemu, ktery ma prutuw na ssyr 13",-∅,BREZOVICA 1653,"HSSJ ""šír""",1653,Blanár et al.
SG,G,chvíl,pomáha wssem každé chwýle,-e/-ě,CC 1655,"HSSJ ""chvíľa""",1655,Blanár et al.
SG,A,chvíl,prebýwal s nimi dluhú chwýli,-i,CC 1655,"HSSJ ""chvíľa""",1655,Blanár et al.
SG,D,stráž,"wás tedy prosýme, božý angele, nám daný k strážý",-i,CC 1655,"HSSJ ""stráž""",1655,Blanár et al.
SG,G,poušť,(Panna Mária) ty gsy Božyho Beranka z skaly pusste Moybytské wywedla,-e/-ě,CC 1655,"HSSJ ""púšť""",1655,Blanár et al.
SG,A,naděj,kdyz gsem w cžloweku smrtedlnem swú nádegi skladal,-i,CC 1655,"HSSJ ""nádej""",1655,Blanár et al.
SG,N,rez,rdza železo zgyeda,-a,PG 1656,"HSSJ ""hrdza""",1656,Blanár et al.
SG,N,polovic,"howadziny padesat funtow, polowyca k pečeny a pul k warenj",-a,CA 1656,"HSSJ ""polovica""",1656,Blanár et al.
SG,A,polovic,(vdova) prygala sobe druheho manžela Mychaele Wylima tymto spuosobem: na polowicku wsseckeho statku y polowicz gruntu,-∅,MARTIN 1656,"HSSJ ""polovica""",1656,Blanár et al.
SG,G,stráž,"kdi pani do straže chodili, dano wina fl 1 d 8",-e/-ě,ZVOLEN 1658,"HSSJ ""stráž""",1658,Blanár et al.
SG,A,obec,"Kuna gest skrze obecz a sausedu wihnana, protože zle chyri po neg ssli",-∅,PEZINOK 1658,"HSSJ ""obec""",1658,Blanár et al.
SG,N,naděj,"yest nadeya, ze neudiela gim nycz",-a,ORLOVÉ 1663,"HSSJ ""nádej""",1663,Blanár et al.
SG,G,tvrz,Yano Barchan swe uskosty a twrzy pustyl a predal (laz),-i,TURANY 1665,"HSSJ ""tvŕdza""",1665,Blanár et al.
SG,N,šíř,"miri celich wecj su zrno, ssir dlane",-∅,KoB 1666,"HSSJ ""šír""",1666,Blanár et al.
PL,I,věž,mestečko wežyamy se ozdobuge,,KoB 1666,"HSSJ ""veža""",1666,Blanár et al.
SG,I,vrš,ribar sakom a wrssu riby lapa,-u,KoB 1666,"HSSJ ""vrša""",1666,Blanár et al.
SG,G,zem,ktere (krajiny) by byly na samem prostredku zeme,-e/-ě,KoB 1666,"HSSJ ""zem""",1666,Blanár et al.
SG,G,zem,o umenj rozmerowanj zeme,-e/-ě,KoB 1666,"HSSJ ""zem""",1666,Blanár et al.
SG,G,zem,o wipsánj zeme,-e/-ě,KoB 1666,"HSSJ ""zem""",1666,Blanár et al.
SG,G,zem,"zeme wipisowatel kragjn, položenj wipisuge",-e/-ě,KoB 1666,"HSSJ ""zem""",1666,Blanár et al.
SG,I,zem,"(mesto) dobite bjwa, nekdy y wihlazene, z gruntu podwratene a ze zemu zmjssane",-u,KoB 1666,"HSSJ ""zem""",1666,Blanár et al.
SG,G,zem,merčj zeme yako žertom podoby spatruge,-e/-ě,KoB 1666,"HSSJ ""zem""",1666,Blanár et al.
SG,L,poušť,pustnycy w swjch sklepech na pušty bjwagj,-i,KoB 1666,"HSSJ ""púšť""",1666,Blanár et al.
SG,N,rohož,"kde nenj postele, rohoža neb slama se podstyela",-a,KoB 1666,"HSSJ ""rohož""",1666,Blanár et al.
SG,N,polovic,"hofferya celj dwa, tretjeho polowicz, mezi kterimi ma Gažur žywnosty za pol sedlaka",-∅,RAJEC 1666,"HSSJ ""polovica""",1666,Blanár et al.
SG,G,koudel,dalo sa kudely powraznikowy na uzdenicze,-i,P. BYSTRICA 1667,"HSSJ ""kúdeľ""",1667,Blanár et al.
SG,L,postel,ya Martin Hiross ležicze w smrtedlneg meg postely,-i,RUŽOMBEROK 1667,"HSSJ ""posteľ""",1667,Blanár et al.
SG,N,díž,diže chlebová,-e/-ě,KolEE. 366a,"Gebauer, p. 203",1674,Gebauer
SG,A,-yň,paſtorkynj,-i,KolEE. 166a,"Gebauer, p. 207",1675,Gebauer
SG,A,chvíl,"kdy sobe mohly uhlednut chwylu, zeby pasly",-u,TRENČÍN 1675,"HSSJ ""chvíľa""",1675,Blanár et al.
SG,N,obec,firmistri y wsseczka obecz tohoto cechu magu sweho cechmistra w poctiwosti met,-∅,CA 1675,"HSSJ ""obec""",1675,Blanár et al.
SG,L,chvíl,plačte se mnou v tejto chvíli,-i,ASL 1676,"HSSJ ""chvíľa""",1676,Blanár et al.
SG,G,báň,dobitky pasal okolo Vhrinowyech bana,-a,ŠTIAVNIČKA 1676,"HSSJ ""báň""",1676,Blanár et al.
SG,L,báň,na Vhrinowom bane drewo rubawaly,-e/-ě,ŠTIAVNIČKA 1676,"HSSJ ""báň""",1676,Blanár et al.
SG,G,peleš,"pobožny, ktery se zdaly negstalegssy, do pelessy ssatanoweg preskakugy",-i,ZA 1676,"HSSJ ""peleš""",1676,Blanár et al.
SG,A,zem,"koho wjtr na zem zwalj, toho každy kigem walj",-∅,SiN 1678,"HSSJ ""zem""",1678,Blanár et al.
SG,N,polovic,"principium omnis rei maxima pars: počatek dobrj, polowica roboty",-a,SiN 1678,"HSSJ ""polovica""",1678,Blanár et al.
SG,N,-yň,hoſpodyn,-∅,KolEE. 367b,"Gebauer, p. 205",1681,Gebauer
SG,N,díž,diz,-∅,KolEE. 368b,"Gebauer, p. 203",1682,Gebauer
SG,G,naděj,"teg nadege sme, ze podle nasseg prosby ucynity račyte",-e/-ě,s. l. 1682,"HSSJ ""nádej""",1682,Blanár et al.
PL,A,zem,"kule zemska rozdelena gest na tri mocne zeme: na nassy, kteraž zase se deli na Europu, Azygj a Afriku",-e/-ě,OP 1685,"HSSJ ""zem""",1685,Blanár et al.
SG,A,zem,"mesto Žilina dobite, zplundrovane, zburane a časom z gruntu wiwracowane, na zemj zrownane bywa",-i,OP 1685,"HSSJ ""zem""",1685,Blanár et al.
PL,N,postel,postele dwe spussťace byle nowe,-e/-ě,BLATNICA 1685,"HSSJ ""posteľ""",1685,Blanár et al.
SG,N,mříž,"mreža drotowa, na ktereg sa zem presypa",-a,L. JÁN 1687,"HSSJ ""mreža""",1687,Blanár et al.
SG,A,zem,zem pred Starou horou ad aratra duo poruczam tez manzelky Anny dwema chlapczy,-∅,KRUPINA 1687,"HSSJ ""zem""",1687,Blanár et al.
SG,N,zem,"zem oraca, ktera lezy pred Starou horou, dwa tale, dolny tal poruczam mogeg dyeuky Judky",-∅,KRUPINA 1687,"HSSJ ""zem""",1687,Blanár et al.
SG,N,obec,"my Adam Harcsek, rychtar, bozennicy y wšeczka obcza dedinj Zawarj",-a,ZAVAR 1688,"HSSJ ""obec""",1688,Blanár et al.
SG,L,polovic,"pakli by panu Davidis Casparowy ostal potomek, s predmenowaneho statku bude succedowat w polowyczy",-i,KRUPINA 1691,"HSSJ ""polovica""",1691,Blanár et al.
SG,A,báň,"od Kibliaru na duba, od duba na banye gde chotar babynsky",-e/-ě,KRUPINA 1692,"HSSJ ""báň""",1692,Blanár et al.
SG,N,houšť,ten husst se pre potrebu pansku zanechal na kuchynyu neb na kurenye,-∅,VISOLAJE 1692,"HSSJ ""húšť""",1692,Blanár et al.
SG,N,chvíl,welmj nespusobna chwile bila,-e/-ě,ŽILINA 1693-94,"HSSJ ""chvíľa""",1693-1694,Blanár et al.
PL,I,vášeň,"čloweče kr. usylug se, abys podle napomenuti s. Pawla telo twe s wassnemj a žalostmj krjžowal",,SP 1696,"HSSJ ""vášeň""",1696,Blanár et al.
SG,N,povodeň,powoden obecna zatopila wssecko pokoleny lidske,-∅,SK 1697,"HSSJ ""povodeň""",1697,Blanár et al.
SG,N,chvíl,ostrá chvila,-a,SJ 18. st,"HSSJ ""chvíľa""",1700-1800,Blanár et al.
SG,N,chvíl,desstowá a wetrná chwjla byla,-a,HI 18. st,"HSSJ ""chvíľa""",1700-1800,Blanár et al.
SG,N,roveň,"planities: rowen, rownina",-∅,DSL 18. st,"HSSJ ""roveň""",1700-1800,Blanár et al.
SG,A,stráž,"položil sem ustam swym strážu, kdiž se postawil naproty mne hrjssnjk",-u,BlR 18. st,"HSSJ ""stráž""",1700-1800,Blanár et al.
SG,L,stráž,na még stráži stát budem,-i,BlR 18. st,"HSSJ ""stráž""",1700-1800,Blanár et al.
SG,A,stráž,"(Boh) pastusskom ukazal se bdjcym, kdy straž drželj nad stadem swjm",-∅,CS 18. st,"HSSJ ""stráž""",1700-1800,Blanár et al.
SG,N,tíž,"hodnost, vrad welka čest, než pri nem welka tjže gest",-e/-ě,Se 18. st,"HSSJ ""tiaž""",1700-1800,Blanár et al.
SG,L,koudel,na kudeli konopneg,-i,LR5 18. st,"HSSJ ""kúdeľ""",1700-1800,Blanár et al.
SG,I,koudel,doma pod kudelu seda,-u,MiK 18. st,"HSSJ ""kúdeľ""",1700-1800,Blanár et al.
SG,N,kadeř,aby mgel kaderze,-e/-ě,LR5 18. st,"HSSJ ""kadera""",1700-1800,Blanár et al.
PL,I,mříž,telesné obljbeňá zapowrhat se magú mezy mrežama prirozenég powinnosti a poctiwosti,,BlR 18. st,"HSSJ ""mreža""",1700-1800,Blanár et al.
SG,L,obec,"medzj wčelami w gegich obci gesu wčeli, stražu držjci",-i,PR 18. st,"HSSJ ""obec""",1700-1800,Blanár et al.
SG,G,obec,"magi take wčelki y matku, gakossto kralownu obci sweg",-i,PR 18. st,"HSSJ ""obec""",1700-1800,Blanár et al.
SG,D,obec,cela spráwa obci potúrbowala by sa,-i,BlR 18. st,"HSSJ ""obec""",1700-1800,Blanár et al.
SG,N,peleš,"hroby pobožnich lidj negsu peless nektera diabelska, ale gsau komurky odpočinutj",-∅,CS 18. st,"HSSJ ""peleš""",1700-1800,Blanár et al.
SG,N,díž,"deža, w které se wjno tlači",-a,LD 18. st,"HSSJ ""dieža""",1700-1800,Blanár et al.
SG,A,věž,nebo rowne gako wežy babjlonsku nemohlj ku koncj priwestj pro roztržjtost gazjkuw anebo pro zmotanj,-i,CS 18. st,"HSSJ ""veža""",1700-1800,Blanár et al.
SG,N,věž,"ty sy byla na placu zlatá wlna, trúhla zákona, weža slonowá",-a,BlR 18. st,"HSSJ ""veža""",1700-1800,Blanár et al.
SG,N,věž,(Mária) ty sy weža nagpewnegssá,-a,BlR 18. st,"HSSJ ""veža""",1700-1800,Blanár et al.
SG,G,vrš,(kacíri) nech se uchylugú do wrssi ewangelitskég,-i,BlR 18. st,"HSSJ ""vrša""",1700-1800,Blanár et al.
SG,G,zem,geographia: zeme opisani,-e/-ě,DSL 18. st,"HSSJ ""zem""",1700-1800,Blanár et al.
SG,N,zem,"wssickni žiwlowe sweta, ohen y powetri, woda y zeme, gsu zretedlne znaky",-e/-ě,HRANOVNICA 18. st,"HSSJ ""zem""",1700-1800,Blanár et al.
SG,G,zem,"co ge ze zeme, to se do zeme nawracy a co z wody, do mora wpada",-e/-ě,CF 18. st,"HSSJ ""zem""",1700-1800,Blanár et al.
SG,G,zem,"umrela mi žena, už sem wdowec, už je z čiernej zemi na nej kopec",-i,Pie 18. st,"HSSJ ""zem""",1700-1800,Blanár et al.
SG,A,postel,"rozdylu žadneho neny, zdaliž nemocneho položyss na drewenu anebo zlatu postel",-∅,MC 18. st,"HSSJ ""posteľ""",1700-1800,Blanár et al.
SG,L,poušť,"(sv. Pavel) bil w nebezpečenstwj od pohanuw na pusti, na morj",-i,Káz 18. st,"HSSJ ""púšť""",1700-1800,Blanár et al.
SG,L,poušť,duša seba stracuge w nagwetssém bózstwa pússti a zatmelosti,-i,BlR 18. st,"HSSJ ""púšť""",1700-1800,Blanár et al.
SG,A,poušť,nebo laska ta ho z lunu otca nebeskeho na strassliwu pusst sweta tohoto stahla,-∅,Káz 18. st,"HSSJ ""púšť""",1700-1800,Blanár et al.
SG,A,poušť,sam čzlowek w swem pribitku moze mat pusc,-∅,WS 18. st,"HSSJ ""púšť""",1700-1800,Blanár et al.
SG,N,rez,stribro zežjra rez,-∅,CS 18. st,"HSSJ ""hrdza""",1700-1800,Blanár et al.
SG,N,rez,gaknahle ty hrdza padne na zahradne zrostlini,-a,PR 18. st,"HSSJ ""hrdza""",1700-1800,Blanár et al.
SG,A,rez,popel ze solu zmissani spaleni hrzu zubow hogj,-u,PR 18. st,"HSSJ ""hrdza""",1700-1800,Blanár et al.
SG,N,vášeň,adfectus: wásseň,-∅,PD 18. st,"HSSJ ""vášeň""",1700-1800,Blanár et al.
SG,G,rohož,scirpea: z rohoze koss,-e/-ě,LD 18. st,"HSSJ ""rohož""",1700-1800,Blanár et al.
SG,N,polovic,"(byliny) war we wode, až polowica wody wywre",-a,RG 18. st,"HSSJ ""polovica""",1700-1800,Blanár et al.
SG,N,polovic,prytel polowica dusse,-a,MC 18. st,"HSSJ ""polovica""",1700-1800,Blanár et al.
SG,A,polovic,cžerwen pres polowicz welmi teply biwa,-∅,Kal 18. st,"HSSJ ""polovica""",1700-1800,Blanár et al.
PL,A,rozkoš,"rač mne pustit do tvojej komorečky, kde býváš, rozkoše tvé zažíváš",-e/-ě,PV 18. st,"HSSJ ""rozkoš""",1700-1800,Blanár et al.
PL,L,rozkoš,"neni do neba tak lahka cesta, nejde sa tam po ružach, ne po roskossach, ne po zeleneg luce, ale po trnj a bodlačy, po twrdeg a kamenisteg ceste",,MiK 18. st,"HSSJ ""rozkoš""",1700-1800,Blanár et al.
SG,A,naděj,"mladi twug wek, w kterem ty weliku nádegú skladáss",-u,SJ 18. st,"HSSJ ""nádej""",1700-1800,Blanár et al.
SG,D,naděj,gsu dwere ku wsseckeg dalsseg nadei zatworene,-i,MK 18. st,"HSSJ ""nádej""",1700-1800,Blanár et al.
SG,N,polovic,(z peňazí) rowna polowycz na pansku stranku p. p. groffa Salmisa prynaležetj by mielo,-∅,TRENČÍN 1702,"HSSJ ""polovica""",1702,Blanár et al.
SG,N,vrš,nassa: vrša,-a,LC 1707,"HSSJ ""vrša""",1707,Blanár et al.
SG,A,chvíl,každe predsewzeti ma swau chwili,-i,AgS 1708,"HSSJ ""chvíľa""",1708,Blanár et al.
SG,N,věž,bud geg (služobnici) mocna weže prede wssemy geg nepratelmy,-e/-ě,AgS 1708,"HSSJ ""veža""",1708,Blanár et al.
SG,A,vrš,"za sstranek, čuo wrssu z ribami priwiazali, den 5",-u,ŽILINA 1709,"HSSJ ""vrša""",1709,Blanár et al.
SG,A,polovic,Joannes Ssmarik ze zatjom swim kupily polowicz chalupy,-∅,ŽILINA 1710,"HSSJ ""polovica""",1710,Blanár et al.
PL,L,houšť,w nassjch husstjach any na ohrazu nassych roly a zahradek prutya aneb kuolya nemužeme nachazety,,P. BYSTRICA 1712,"HSSJ ""húšť""",1712,Blanár et al.
PL,I,mříž,okna puste z drevenima mrezama 2,,TRENČÍN 1713,"HSSJ ""mreža""",1713,Blanár et al.
SG,A,tvrz,Guro Magtan pre swogu uskost a weliku twrzu predal gest dobrowolne na urek Yanowy Galowy gednu swogu časku gruntu,-u,TURANY 1715,"HSSJ ""tvŕdza""",1715,Blanár et al.
SG,N,povodeň,(kacíri) rozwodnili se gakožto powodeň,-∅,SPa 1716,"HSSJ ""povodeň""",1716,Blanár et al.
SG,G,stráž,prigmiž mne tuto noc pod plasst straži swe pred wsselikým nebezpečenstwjm,-i,ZP 1716,"HSSJ ""stráž""",1716,Blanár et al.
SG,I,šíř,pryczka w czeledniku ssiru ge 2 sahi,-u,ČÁČOV 1720,"HSSJ ""šír""",1720,Blanár et al.
SG,L,obec,"o yegich zemianstwu pochibnosty neb hadce neslichal, ale yak w poctiweg obcy familiae Medveczky za zemanow uznany bily",-i,MEDVEDZIE 1721,"HSSJ ""obec""",1721,Blanár et al.
SG,N,rez,"wianočnim popolom posipa swogu winyiczu, zebi ridza geg nyesskodila",-a,KRUPINA 1722,"HSSJ ""hrdza""",1722,Blanár et al.
SG,L,poušť,"zminka se činj o manně a chlebech, s kterymi Pán zazračne nekrmil okolo pet tysyc mužuw na pusstj",-i,DuH 1723,"HSSJ ""púšť""",1723,Blanár et al.
SG,L,věž,kdo stok w tegže wäži suczy a mlinaru z Dolnieho konca naležegiczi zlomil,-i,VELIČNÁ 1724,"HSSJ ""veža""",1724,Blanár et al.
PL,I,hráz,mjsto hradzamy oprawene,-i,TURIEC 1726,"HSSJ ""hrádza""",1726,Blanár et al.
SG,A,věž,na školu a na wažu kupil som sindlá,-u,PUKANEC 1726,"HSSJ ""veža""",1726,Blanár et al.
SG,N,obec,res publica: obec,-∅,AS 1728,"HSSJ ""obec""",1728,Blanár et al.
SG,N,zem,humus: zem,-∅,AS 1728,"HSSJ ""zem""",1728,Blanár et al.
SG,N,díž,deže na noszenj mukj,-e/-ě,ČACHTICE 1729,"HSSJ ""dieža""",1729,Blanár et al.
SG,A,stráž,na dceru nestidatu drž straš,-∅,Le 1730,"HSSJ ""stráž""",1730,Blanár et al.
PL,A,mez,medze osaditi,-e/-ě,S. ĽUPČA 1731,"HSSJ ""medza""",1731,Blanár et al.
SG,A,zem,na zem kamenatu spadol,-∅,MARTIN 1731,"HSSJ ""zem""",1731,Blanár et al.
SG,A,polovic,na polowicz,-∅,KolEE. 490b,"Gebauer, p. 207",1732,Gebauer
SG,G,chvíl,"meli sme ho (voz) poslat skoreg, ale pre chwilu se neposlal, lebo se bolo zadeždilo",-u,BATIZOVCE 1732,"HSSJ ""chvíľa""",1732,Blanár et al.
SG,G,obec,"krivda se nam čini, nebo predtym slobodnici do obci od rol, luk a vinohradu rovaše plativali, ktere od sedlaku pokupene mali. Včil pak dokonce platit mezi obec nechcu",-i,ČASTKOV 1732 LP,"HSSJ ""obec""",1732,Blanár et al.
SG,A,obec,"krivda se nam čini, nebo predtym slobodnici do obci od rol, luk a vinohradu rovaše plativali, ktere od sedlaku pokupene mali. Včil pak dokonce platit mezi obec nechcu",-∅,ČASTKOV 1732 LP,"HSSJ ""obec""",1732,Blanár et al.
SG,G,hráz,ga sem sse do hraze huszteg bil skowal,-e/-ě,CHTELNICA 1732,"HSSJ ""hrádza""",1732,Blanár et al.
SG,A,zem,"wzala sem plachtičku ze žrdi a prestrela sem w izbe na zem, a to dite spod pece, ponewač tam ležalo, samo skoklo na tu plachtičku",-∅,S. ĽUPČA 1732 CM,"HSSJ ""zem""",1732,Blanár et al.
SG,G,mříž,"dali sme mreže robity dolnimu mlinaru Averentisowj, cuo sa piesok ossiwal cez nu, od roboty d 15",-e/-ě,KRUPINA 1734,"HSSJ ""mreža""",1734,Blanár et al.
SG,G,věž,"když nesslechetnjch služebnykuw na gazyku gegjch ulapjme, ňe z gedneho neb dwú člankuw ge zrážame, než gednu prácu celu owssem babylonsku weže na zem ztahugeme",-e/-ě,PP 1734,"HSSJ ""veža""",1734,Blanár et al.
SG,A,postel,Caligula cysar pod postel se schowáwal (pred bleskom),-∅,PP 1734,"HSSJ ""posteľ""",1734,Blanár et al.
SG,A,hráz,"teto kusi semi neb luki potrebugi hradzu, abi skrze statek sskoda se nečinila",-u,JELŠAVA 1738,"HSSJ ""hrádza""",1738,Blanár et al.
SG,A,polovic,a tak predmenowaneho polowycz poddaneho zawazugem a do ruku odezdawam Geg Mylosty nep potomkom kazdorocsne,-∅,NOROVCE 1739,"HSSJ ""polovica""",1739,Blanár et al.
PL,N,vrš,nassa: rybárske wrsse,-e/-ě,ASl 1740,"HSSJ ""vrša""",1740,Blanár et al.
SG,L,postel,neštěstí s nami spí v jednej posteli,-i,ASL 1740,"HSSJ ""posteľ""",1740,Blanár et al.
SG,L,tvrz,panstwo bzouske w tegto twrdzy nasseg nam deset kil zita z dobreg laskj offerowalo,-i,KRUPINA 1740,"HSSJ ""tvŕdza""",1740,Blanár et al.
SG,G,šíř,"potom nasleduge humno zastawene, magicze geden začinok na pet a druhy na try siahy zdlže a na pet ssire",-e/-ě,BYSTRIČKA 1742,"HSSJ ""šír""",1742,Blanár et al.
SG,G,stráž,"on hned velkim latym swedka z czakanom bil, potom gemu zwazal ruky y tak zwazaneho pri konj hnal a az blizko strazy ho rozwazal",-i,VESELÉ 1747,"HSSJ ""stráž""",1747,Blanár et al.
SG,N,věž,ty sám (Bože) má pevná weže y mé potessenj,-e/-ě,MaK 1749,"HSSJ ""veža""",1749,Blanár et al.
SG,G,rozkoš,"o, neywissy krali nebesky, popreg mi tu lasku, abych rozkosse nebeske s tebu poziwat mohl",-e/-ě,PI 1749,"HSSJ ""rozkoš""",1749,Blanár et al.
PL,N,rozkoš,"prostredky, gakowými má včitel včedlnjky k sobe wábiti: rozlične hry a roskosse detinske, aby sobe djtky nepredstawowali školu gako negakowu katowňy",-e/-ě,BZ 1749,"HSSJ ""rozkoš""",1749,Blanár et al.
SG,G,koudel,despicio: za funt kaudele ho newážjm,-e/-ě,WU 1750,"HSSJ ""kúdeľ""",1750,Blanár et al.
SG,N,kadeř,"cincinorum: kadere, kaderawé, točené wlasy, kučery",-e/-ě,WU 1750,"HSSJ ""kadera""",1750,Blanár et al.
SG,N,obec,"communio: obecenstwi, spogenj, obec, towarystwo",-∅,WU 1750,"HSSJ ""obec""",1750,Blanár et al.
SG,N,peleš,"caverna: geskyňe, peless, daupe",-∅,WU 1750,"HSSJ ""peleš""",1750,Blanár et al.
SG,A,poušť,"exscindo: lidj, kraginu hubym, w pussť obrácym",-∅,WU 1750,"HSSJ ""púšť""",1750,Blanár et al.
SG,A,rozkoš,libris delector magnopere: mám obwzlásstnj rozkoss w knihách,-∅,WU 1750,"HSSJ ""rozkoš""",1750,Blanár et al.
SG,L,chvíl,v notznej chvilyi,-i,HPS 1752,"HSSJ ""chvíľa""",1752,Blanár et al.
SG,A,naděj,ottzove naso v tebe nádzéju malyi v tsáse kásdém,-u,DŽ 1752,"HSSJ ""nádej""",1752,Blanár et al.
SG,G,rozkoš,"čo gest toto za gednu matronu, ktera pokračuge, k nam se bere, rozkossy plna, oprita na milem swem",-i,KT 1753,"HSSJ ""rozkoš""",1753,Blanár et al.
SG,A,zem,"Zuberecz, zanechagicze gu (manželku) ussel na Dolnu zem",-∅,OČOVÁ 1755,"HSSJ ""zem""",1755,Blanár et al.
SG,G,zem,"abys we swete nesmrdel, do zeme ťa wloža",-e/-ě,GV 1755,"HSSJ ""zem""",1755,Blanár et al.
SG,A,polovic,prosa polowjcu dnes dam zasgat a polowicu len po Durj,-u,ROVŇANY 1755,"HSSJ ""polovica""",1755,Blanár et al.
SG,L,mez,wssecko stromowj po mezách okolo,,KB 1757,"HSSJ ""medza""",1757,Blanár et al.
SG,L,zem,"a stala se potopa za sstyricet dňúw na zemi, y rozmnožili se wodi",-i,KB 1757,"HSSJ ""zem""",1757,Blanár et al.
SG,L,zem,"y pobili krupi po wsseckeg Zemi aegyptskeg wssecko, čo bylo na polach, od čloweka až po howada",-i,KB 1757,"HSSJ ""zem""",1757,Blanár et al.
SG,I,rez,klasúw tenkych a zerzem pripálenych,,KB 1757,"HSSJ ""hrdza""",1757,Blanár et al.
PL,L,rozkoš,"gak pekná sy, a gak krásná nagmilégssá w rozkossách!",,KB 1757,"HSSJ ""rozkoš""",1757,Blanár et al.
PL,I,chvíl,"ona začala blednúť, pariť sa stuďeno chvílámi",,BR 1785,"HSSJ ""chvíľa""",1758,Blanár et al.
SG,A,chvíl,usilování svého víchod každú chvílu očekával,-u,BR 1785,"HSSJ ""chvíľa""",1758,Blanár et al.
SG,N,stráž,"(Jozef) Krysta pilne opatrowal, pro tu geho straža a opatrnost nadewsseckich ginych swatych gest wiwisseny",-a,MS 1758,"HSSJ ""stráž""",1758,Blanár et al.
SG,A,obec,"Samuel kdy pomerkowal, že hodnost a uctiwost geho pred lidma se umenssuge, wssem w obec powedel",-∅,MS 1758,"HSSJ ""obec""",1758,Blanár et al.
SG,N,peleš,"o, srdca zakalene, o, osskliwe, litugem wass, nebo ste wi skrisse aneb pelesse lotrowske tich sskaredich diabluw",-e/-ě,MS 1758,"HSSJ ""peleš""",1758,Blanár et al.
SG,N,zem,"zemsky asnad gsi a od hrichuw smradlawy, hle, zem, ktera mela prigati telo Krystowe prweg, se trasge, nečistoty otrasa",-∅,MS 1758,"HSSJ ""zem""",1758,Blanár et al.
SG,A,naděj,prewrhlec a prestupec zatwrdile wssecku nadegu od seba odložil,-u,MS 1758,"HSSJ ""nádej""",1758,Blanár et al.
SG,A,naděj,taťík jeho a múj všecku o nem náďej hňeď zložili,-∅,BR 1785,"HSSJ ""nádej""",1758,Blanár et al.
SG,L,povodeň,"nedaleko wrch wissy od Kaukaza Ararath, na kterem po powodnj sweta korab Noema zustal",-i,KrP 1760,"HSSJ ""povodeň""",1760,Blanár et al.
SG,N,věž,"krem domuw znessenych tu neyhyrečnegsse wysoke skoly Sorbana nazwane, weža hwezdárska a knychárna",-a,KrP 1760,"HSSJ ""veža""",1760,Blanár et al.
SG,A,kratochvíl,obywatele kratochwylu swu lossose s kopyamy hytagu,-u,KrP 1760,"HSSJ ""kratochvíľa""",1760,Blanár et al.
SG,N,kratochvíl,"Holicž nedaleko Skalycy, wčil kratochwýla domu rakúskeho, nekdy groffum Zoborských",-a,KrP 1760,"HSSJ ""kratochvíľa""",1760,Blanár et al.
SG,L,polovic,"dankowske zeme držja w polowiczy pani Danko Janosska starssja, druhu polowiczu na dwoge rozdelenu z častky p. Danko Andrasskowjech, z častky pak p. Danko Isstwan",-i,ZÁTURČIE 1761,"HSSJ ""polovica""",1761,Blanár et al.
SG,A,polovic,"dankowske zeme držja w polowiczy pani Danko Janosska starssja, druhu polowiczu na dwoge rozdelenu z častky p. Danko Andrasskowjech, z častky pak p. Danko Isstwan",-u,ZÁTURČIE 1761,"HSSJ ""polovica""",1761,Blanár et al.
PL,L,zem,tje konye kupil na Hornich zemach,,BOJNICE 1762 E,"HSSJ ""zem""",1762,Blanár et al.
SG,G,zem,stateczne mne do matkj zeme sprowoczenj,-e/-ě,TOPOĽČANY 1762,"HSSJ ""zem""",1762,Blanár et al.
SG,N,povodeň,"diluvium: potopa, powodeň",-∅,KS 1763,"HSSJ ""povodeň""",1763,Blanár et al.
SG,N,šíř,didoron: na dwe dlani ssyrá,-a,KS 1763,"HSSJ ""šír""",1763,Blanár et al.
SG,N,kadeř,"cincinus: kaďere, kučerawost",-e/-ě,KS 1763,"HSSJ ""kadera""",1763,Blanár et al.
PL,N,mříž,cataracta: zastawné mreže na bránách,-e/-ě,KS 1763,"HSSJ ""mreža""",1763,Blanár et al.
SG,N,mříž,"crates: mreža, kossyna",-a,KS 1763,"HSSJ ""mreža""",1763,Blanár et al.
PL,N,mez,"trifinium: mjsto, kde se troge meze scházagu",-e/-ě,KS 1763,"HSSJ ""medza""",1763,Blanár et al.
SG,L,mez,intra tuam pelliculam te contine: w swég mezi seba zadrž,-i,KS 1763,"HSSJ ""medza""",1763,Blanár et al.
SG,G,obec,"publicatus: rozhlásseny, do obci dany",-i,KS 1763,"HSSJ ""obec""",1763,Blanár et al.
SG,A,obec,"publico: wyhlassugem, na obec dáwám, rozhlassugem",-∅,KS 1763,"HSSJ ""obec""",1763,Blanár et al.
SG,A,obec,"promulgatus: wyhlásseny, na obec wydany",-∅,KS 1763,"HSSJ ""obec""",1763,Blanár et al.
SG,G,obec,"publicatio: do obci dáwani, wywoláwani, ohlassowáni",-i,KS 1763,"HSSJ ""obec""",1763,Blanár et al.
SG,N,obec,"magnus in oculis civium: za mnoho sebe wáži obec, obecny lid",-∅,KS 1763,"HSSJ ""obec""",1763,Blanár et al.
SG,N,obec,"infimates: obec, njžssy porádek",-∅,KS 1763,"HSSJ ""obec""",1763,Blanár et al.
SG,D,obec,"popularis: lidsky, obecny, k lidu, k obci náležitý, podly",-i,KS 1763,"HSSJ ""obec""",1763,Blanár et al.
SG,N,obec,"plebs: obecny lid, obec",-∅,KS 1763,"HSSJ ""obec""",1763,Blanár et al.
SG,G,obec,convivari in publico: z obci sa hostiti,-i,KS 1763,"HSSJ ""obec""",1763,Blanár et al.
SG,N,obec,"crena: obec, duchodek",-∅,KS 1763,"HSSJ ""obec""",1763,Blanár et al.
SG,N,obec,"universitas: wsseobecnost, obec, obecnost",-∅,KS 1763,"HSSJ ""obec""",1763,Blanár et al.
SG,N,obec,"vulgaritas: obecnost, obec",-∅,KS 1763,"HSSJ ""obec""",1763,Blanár et al.
SG,N,hráz,"choma: hráza, hrable",-a,KS 1763,"HSSJ ""hrádza""",1763,Blanár et al.
SG,N,hráz,echetlion: rybny hraza,-a,KS 1763,"HSSJ ""hrádza""",1763,Blanár et al.
SG,N,vrš,"everriculum: wrssa, syť",-a,KS 1763,"HSSJ ""vrša""",1763,Blanár et al.
SG,N,vrš,"sirpea: rokitovy koss, wrssa",-a,KS 1763,"HSSJ ""vrša""",1763,Blanár et al.
SG,L,zem,žigjce howado zarowno w wode y na zemi,-i,KS 1763,"HSSJ ""zem""",1763,Blanár et al.
SG,N,zem,"Francia, Gallia: Francúzska zem, kragina",-∅,KS 1763,"HSSJ ""zem""",1763,Blanár et al.
SG,N,zem,"Slavonia: Slowenska zem, slowenske kralowstwi",-∅,KS 1763,"HSSJ ""zem""",1763,Blanár et al.
SG,N,zem,Helvetia: Sswagčarská zem,-∅,KS 1763,"HSSJ ""zem""",1763,Blanár et al.
SG,N,zem,solum natale: zem narozeňá,-∅,KS 1763,"HSSJ ""zem""",1763,Blanár et al.
SG,D,zem,cernuo: k zemi se zhrbugem,-i,KS 1763,"HSSJ ""zem""",1763,Blanár et al.
SG,N,zem,"sol: zem, dno, podlaha",-∅,KS 1763,"HSSJ ""zem""",1763,Blanár et al.
SG,N,zem,solum desertum: pusta zem,-∅,KS 1763,"HSSJ ""zem""",1763,Blanár et al.
SG,N,zem,"arabilis: orna zem, orat se može",-∅,KS 1763,"HSSJ ""zem""",1763,Blanár et al.
SG,N,postel,"lectus genialis: zasljbena, newestská postel",-∅,KS 1763,"HSSJ ""posteľ""",1763,Blanár et al.
SG,N,postel,triclinium: stolová postel,-∅,KS 1763,"HSSJ ""posteľ""",1763,Blanár et al.
SG,N,postel,lectus viatorius: pocestná postel,-∅,KS 1763,"HSSJ ""posteľ""",1763,Blanár et al.
SG,A,postel,cubile alterius inire: ginssého čloweka postel porussyti,-∅,KS 1763,"HSSJ ""posteľ""",1763,Blanár et al.
SG,A,postel,"perprimere lectum: dlúho onemocňeti, tlačiti postel",-∅,KS 1763,"HSSJ ""posteľ""",1763,Blanár et al.
SG,N,postel,pulvinus: postel aneb hrádka w zahraďe,-∅,KS 1763,"HSSJ ""posteľ""",1763,Blanár et al.
SG,N,rez,scolecia: železná zerz,-∅,KS 1763,"HSSJ ""hrdza""",1763,Blanár et al.
SG,N,rez,rez zežhrala motyki,-∅,KS 1763,"HSSJ ""hrdza""",1763,Blanár et al.
SG,N,rez,retrimentum ferrarium: zelena zerz na mosazi,-∅,KS 1763,"HSSJ ""hrdza""",1763,Blanár et al.
SG,N,rez,ustilago: rez na obilú,-∅,KS 1763,"HSSJ ""hrdza""",1763,Blanár et al.
SG,N,rez,crugo: zerz na zbožu,-∅,KS 1763,"HSSJ ""hrdza""",1763,Blanár et al.
SG,G,rohož,restes Sparteae: z rohoži pletené prowaze,-i,KS 1763,"HSSJ ""rohož""",1763,Blanár et al.
SG,N,rohož,"mariscus: morská trstina, trstnata rohožá",-a,KS 1763,"HSSJ ""rohož""",1763,Blanár et al.
SG,N,rohož,torus: rohoža u Turkúw,-a,KS 1763,"HSSJ ""rohož""",1763,Blanár et al.
SG,N,rohož,"stragula: prostjradlo, pokrowec, koberec, rohoža",-a,KS 1763,"HSSJ ""rohož""",1763,Blanár et al.
PL,A,rohož,"mariscus: welika trstina, s kterég rohože pletú",-e/-ě,KS 1763,"HSSJ ""rohož""",1763,Blanár et al.
SG,N,polovic,"medietes: polowica, prostredek ňečeho, částka prostredny",-a,KS 1763,"HSSJ ""polovica""",1763,Blanár et al.
SG,L,polovic,dirumpere ludum: hru w polowici necháti,-i,KS 1763,"HSSJ ""polovica""",1763,Blanár et al.
SG,L,polovic,desistere incepto: počatu wec w polowici necháti,-i,KS 1763,"HSSJ ""polovica""",1763,Blanár et al.
SG,L,polovic,opus medijs ablatum incudibus: w polowici zostala práca,-i,KS 1763,"HSSJ ""polovica""",1763,Blanár et al.
SG,A,rozkoš,"piscinarius: rybnykár, ktery w rybnykoch rozkoss swú mywá, aneb w truhlách rybnykárskych",-∅,KS 1763,"HSSJ ""rozkoš""",1763,Blanár et al.
SG,L,rozkoš,"Epicurus: atheniánsky mudrc, ktery nagwetssy dobrotu w rozskossi ťela milowal a držal y zakládal",-i,KS 1763,"HSSJ ""rozkoš""",1763,Blanár et al.
SG,A,rozkoš,"malta: nerádnjk, newestky, rozkoss hledagjcy",-∅,KS 1763,"HSSJ ""rozkoš""",1763,Blanár et al.
SG,A,tíž,"tiž, kteru (mravce) na sebe nésly, wetssy byla nežli gich tela",-∅,VP 1764,"HSSJ ""tiaž""",1764,Blanár et al.
SG,L,polovic,"medio: w prostrédku, w polowici stogjm",-i,KS 1764,"HSSJ ""polovica""",1764,Blanár et al.
SG,G,polovic,w geseny napln sud z polowice musstom,-e/-ě,VK 1764,"HSSJ ""polovica""",1764,Blanár et al.
SG,N,naděj,mne moga nádeg sklamala,-∅,VP 1764,"HSSJ ""nádej""",1764,Blanár et al.
SG,L,polovic,media campi: w polowici pola,-i,KS 1765,"HSSJ ""polovica""",1765,Blanár et al.
SG,A,tíž,(slon) pre swu weliku tyž aneb obornost gako gine zwirata k odpočinuty se položit nemuže,-∅,SlK 1766-80,"HSSJ ""tiaž""",1766-1780,Blanár et al.
SG,A,peleš,wi ste z chramu peles lotrowsku uczinili,-∅,SlK 1766-80,"HSSJ ""peleš""",1766-1780,Blanár et al.
SG,D,obec,"ať sobě nepriwlastňugu ani domu, ani mjsta, kteréžto wěcy patrj k obcy",-i,PrV 1767,"HSSJ ""obec""",1767,Blanár et al.
SG,N,díž,mulctra: djže,-e/-ě,AP 1769,"HSSJ ""dieža""",1769,Blanár et al.
SG,A,zem,"Dawid (muža) za ruku pogal, k swemu domu dowgedol a tamže geho o zem hodjce nechal",-∅,TURIEC 1769,"HSSJ ""zem""",1769,Blanár et al.
SG,A,poušť,hory a lesy w nevžitečnu samotnost a pusst wychadzagu,-∅,ZVOLEN 1769,"HSSJ ""púšť""",1769,Blanár et al.
SG,D,postel,(manželka) sslakem porazená a k postely gakssto pribita,-i,PeP 1770,"HSSJ ""posteľ""",1770,Blanár et al.
SG,G,chvíl,abhinc: od té chwjle,-e/-ě,GrP 1771,"HSSJ ""chvíľa""",1771,Blanár et al.
SG,A,obec,aby račili osviceny pan grof tu milost a lasku nam učiniti a našu ubohu obcu pri placeni predešleho cinzu zanechati,-u,BREZINY 1771 LP,"HSSJ ""obec""",1771,Blanár et al.
SG,N,zem,Austria: Rakauska zeme,-e/-ě,GrP 1771,"HSSJ ""zem""",1771,Blanár et al.
SG,N,poušť,"solitudo: samotnost, pausst",-∅,AP 1771,"HSSJ ""púšť""",1771,Blanár et al.
SG,A,kratochvíl,"gaká kratochwil, gaké winssowány gse wikonáwalo",-∅,PeP 1771,"HSSJ ""kratochvíľa""",1771,Blanár et al.
PL,A,postel,gako se zeme a postele neb hradky magu priprawiti,-e/-ě,SN 1772,"HSSJ ""posteľ""",1772,Blanár et al.
SG,N,mříž,mreža pieskowa,-a,M. KAMEŇ 1774,"HSSJ ""mreža""",1774,Blanár et al.
SG,N,věž,"weže slonowá, orodůg za nás",-e/-ě,KW 1775,"HSSJ ""veža""",1775,Blanár et al.
PL,A,polovic,polowicowánj gest summu malú neb welikú na dwě rowné polowice rozděliti,-e/-ě,LU 1775,"HSSJ ""polovica""",1775,Blanár et al.
SG,L,polovic,(okrem roboty s dobytkom) ma by sme vdečne panom našim i z pešou robotou prinajmenej v polovici služili,-i,V. BOROVÉ 1775 LP,"HSSJ ""polovica""",1775,Blanár et al.
SG,N,polovic,zde postawene zlomkj takto wyslowjss: 1/2 gedna polowica,-a,LU 1775,"HSSJ ""polovica""",1775,Blanár et al.
SG,A,stráž,do swe wlasty gsme pod strazu wogensku ssikowany bily,-u,RUŽOMBEROK 1776,"HSSJ ""stráž""",1776,Blanár et al.
SG,A,stráž,nas do aresstu dowgedly a pod straž wogensku daly,-∅,RUŽOMBEROK 1776,"HSSJ ""stráž""",1776,Blanár et al.
PL,A,mez,"protož se neywjc warug, abys meze strjdmosti neprekročil",-e/-ě,MPS 1777,"HSSJ ""medza""",1777,Blanár et al.
SG,N,stráž,nesčasná stráža krále swewolne wezna (!),-a,PT 1778,"HSSJ ""stráž""",1778,Blanár et al.
SG,L,stráž,"prewisoké weže ti z ozbrogenyma, ktery na stráži gsu, widitedlné bily",-i,PT 1778,"HSSJ ""stráž""",1778,Blanár et al.
SG,A,stráž,"kade more zeme obmywá, držan gsem bil pod strážu w weži zawreny",-u,PT 1778,"HSSJ ""stráž""",1778,Blanár et al.
SG,A,stráž,úskosti priechodúw wezmete pod swú stráss,-∅,PT 1778,"HSSJ ""stráž""",1778,Blanár et al.
SG,G,postel,zwečera po dedine pochodit a potom se do postele polozit,-e/-ě,B. BYSTRICA 1778,"HSSJ ""posteľ""",1778,Blanár et al.
SG,A,poušť,w pausst se obracegj zle zadelane role,-∅,PT 1778,"HSSJ ""púšť""",1778,Blanár et al.
SG,A,naděj,"Asstarbea nádegu sebe činila, z lybežnostámi swimi že ho zaslepy",-u,PT 1778,"HSSJ ""nádej""",1778,Blanár et al.
SG,G,zem,Krystus Jezyss swych milych aposstoluw učedelnikow a wiwolenych nazwal solu: wi ste sol zeme,-e/-ě,GK 1779,"HSSJ ""zem""",1779,Blanár et al.
PL,A,zem,"tak gest: dal sem wody, more y potoki rybam, powetry ptakom, lesy a hory zwerum, geskine plazum, okrsslek zeme lidem",-e/-ě,GK 1779,"HSSJ ""zem""",1779,Blanár et al.
SG,G,zem,prez Jordan psotneho a bezicyho žiwota nasseho ssčasliwe wstupili do zaslibeneg zeme nebeskeg,-e/-ě,GK 1779,"HSSJ ""zem""",1779,Blanár et al.
SG,G,zem,"Krystus hrozneho sudu strassliwe znameni predchadzagice oznamuge, gakossto mor, hlad, wogny, treseni zeme, suženi lidu, bludy, falessnosti",-e/-ě,GK 1779,"HSSJ ""zem""",1779,Blanár et al.
SG,N,rozkoš,"nectar: sladky napog, nebeska rozkossa",-a,ML 1779,"HSSJ ""rozkoš""",1779,Blanár et al.
SG,A,roveň,"Nabuchodonosor město Jerusalemské na hromadu kámenúw obratjl, spolu y s tým nadherným chrámem bozským, kterému swět rowen nemgel",-∅,PrW 1780,"HSSJ ""roveň""",1780,Blanár et al.
SG,A,roveň,znak rownosty ge = klade sa mezy dwa rowne počty a wyreče sa skrz rowen 1 zlatý = 20 grossom,-∅,PrP 1780,"HSSJ ""roveň""",1780,Blanár et al.
SG,A,kratochvíl,w hospode kratochwilu držali,-u,LIPTOV 1780,"HSSJ ""kratochvíľa""",1780,Blanár et al.
SG,A,stráž,"kde si kolvek (Jánošik) lehol v horách pod bučinku, stráž nad ním držali",-∅,ASL 1781,"HSSJ ""stráž""",1781,Blanár et al.
SG,A,postel,(niektorí ľudia) mnoho roku w nemocj postel warowali,-∅,SQ 1781,"HSSJ ""posteľ""",1781,Blanár et al.
SG,I,obec,"na investagaciu našej inštancie ponižene oznamujeme panu milostivemu, čo v richtarskem dome s celym uradom i ze všetku obcu mestečka Beluše sme se uradili",-u,BELUŠA 1782 LP,"HSSJ ""obec""",1782,Blanár et al.
SG,G,chvíl,prízeň róstla od chvíle do chvíle,-e/-ě,BR 1785,"HSSJ ""chvíľa""",1785,Blanár et al.
SG,I,stráž,do zkritího ze všech bokuv voza vložená a mezi vojenskú strážú do prvního svitu vezená jsem,-u,BR 1785,"HSSJ ""stráž""",1785,Blanár et al.
PL,L,koudel,"zazraki, které u nás y babi pri kúďelách sebe wipráwagú",,BR 1785,"HSSJ ""kúdeľ""",1785,Blanár et al.
SG,A,obec,"mi jsme usúženú, v krvavém tvári potu svúj kus chleba virábajícú obec skrz omrzlé žebraňí ňevipíjali",-∅,BR 1785,"HSSJ ""obec""",1785,Blanár et al.
SG,N,obec,"oznamuge se, aby zaden priwatny a zadna obec dedjnska pasusse dawat se neopowažila",-∅,Kur 1785,"HSSJ ""obec""",1785,Blanár et al.
SG,G,obec,"powinosty richtara budu tito: cintery wen z mesta aneb z obcy stawgat, lesy w celosty hranit a neruntowat",-i,Kur 1785,"HSSJ ""obec""",1785,Blanár et al.
SG,N,zem,tato nasse zeme gest mjsto wymerené k nynegssjmu prebywánj nassemu,-e/-ě,StN 1785,"HSSJ ""zem""",1785,Blanár et al.
SG,I,zem,(kopčeky) zhodené a ze zemú zrovnané,-u,BR 1785,"HSSJ ""zem""",1785,Blanár et al.
SG,G,zem,"sedlak když neore zeme, často rodj gemu plane trnj, hlozj a bodlačj",-e/-ě,StN 1785,"HSSJ ""zem""",1785,Blanár et al.
PL,A,mez,nasse žádostj po dokonálosti žádné meze nemagj,-e/-ě,StN 1786,"HSSJ ""medza""",1786,Blanár et al.
SG,G,zem,"Awarowe chtegice co zde vtratiti, ginde sobe wynahraditi, do Baworske zeme wpadli",-e/-ě,SH 1786,"HSSJ ""zem""",1786,Blanár et al.
SG,A,obec,po tíchto (bratoch) wssecci patriarchowé boské službi zwlásstňegsség nad obec odbawuwali,-∅,BPr 1787,"HSSJ ""obec""",1787,Blanár et al.
SG,I,rez,zasyp to mjsto medenu rzou,,PL 1787,"HSSJ ""hrdza""",1787,Blanár et al.
SG,G,šíř,zahratka ma bit naorana na osem laktrou ssire a na dewatnast zdlže,-e/-ě,MOŠOVCE 1788,"HSSJ ""šír""",1788,Blanár et al.
SG,A,mříž,(muži) z aresstu z nasilnim mrezy wilamanim uskočili,-i,PUKANEC 1788,"HSSJ ""mreža""",1788,Blanár et al.
SG,A,mez,statek pres mezu prejde,-u,GAJARY 1788 LP,"HSSJ ""medza""",1788,Blanár et al.
SG,G,stráž,wogak wí swú stráže hoďinu,-e/-ě,BN 1790,"HSSJ ""stráž""",1790,Blanár et al.
SG,G,postel,"každe dwa roky ma čerstwy hnog do zemneg postely wloženy, stary ale wikopany, na druhu zahradnu postel aneb y ze strany na tabakowu postel vžitečne obrateny byty",-i,WT 1790,"HSSJ ""posteľ""",1790,Blanár et al.
SG,A,postel,"každe dwa roky ma čerstwy hnog do zemneg postely wloženy, stary ale wikopany, na druhu zahradnu postel aneb y ze strany na tabakowu postel vžitečne obrateny byty",-∅,WT 1790,"HSSJ ""posteľ""",1790,Blanár et al.
SG,I,rohož,"kdo hnognu postel z oknama, z deskamy aneb z rohožu, s trstinu zakrige, može to običagne potrebuwany owčaceho hnogu a spolu spleteneg slamy zanechat",-u,WT 1790,"HSSJ ""rohož""",1790,Blanár et al.
SG,I,naděj,"nebo ňú (láskou) zwláštňe k Bohu bíwáme ponášanj wíc nežli bárs wírú, bárs nádegú",-u,BN 1790,"HSSJ ""nádej""",1790,Blanár et al.
SG,A,zem,"nagdokonalegším člowek tak zustane tenkrát, kdiž geho sa wrátí w zem telo, duša w nebe",-∅,BE 1794,"HSSJ ""zem""",1794,Blanár et al.
SG,A,chvíl,besedagme že sy ngesso w tóto chwéli,-i,BrV 1795,"HSSJ ""chvíľa""",1795,Blanár et al.
SG,G,povodeň,w nekterég osaďe w čas welkég powodňe uhinúlo gednímu záwistňíkowi w samém rožném dobitku 30 kusuw,-e/-ě,BU 1795,"HSSJ ""povodeň""",1795,Blanár et al.
SG,G,mez,za wirobenj mezy powinen bude (Jano) platit fl 1,-i,PONIKY 1795,"HSSJ ""medza""",1795,Blanár et al.
SG,L,obec,"ani dwanac gazdoch w nasseg obci neni, čo bi mali swug kus chleba a semeno do roli",-i,HRANOVNICA 1795,"HSSJ ""obec""",1795,Blanár et al.
SG,I,zem,"ten znowu welikí kus papíru, kterí sa len toliko z gednu stranu dotíka wodi, nazweme tuhú zemu, čili kontinent",-u,DS 1795,"HSSJ ""zem""",1795,Blanár et al.
SG,G,zem,"zlato, stríbro, meď i ine weci z wnitrností zemi pochádzagu",-i,DS 1795,"HSSJ ""zem""",1795,Blanár et al.
SG,N,roveň,"mezitjm bolest wassj to negwjc wzňecuge, že po zaugetjch cestach, ktere k lesum do njchžto obidlenj swe gste preneslj, cesta aby rowen brehu morskeho zustala",-∅,PT 1796,"HSSJ ""roveň""",1796,Blanár et al.
SG,A,stráž,tohoto (človeka Narbal) hnedkj pod straž wzjti rozkazal,-∅,PT 1796,"HSSJ ""stráž""",1796,Blanár et al.
PL,A,mez,"neskrotitedlne žadosty roskossuw, kterjm žadne medze neklademe",-e/-ě,PT 1796,"HSSJ ""medza""",1796,Blanár et al.
SG,G,zem,"za sstestliweho by sem se pokladal, kdibi gsem te az do koncin zeme sprowoditi mohel",-e/-ě,PT 1796,"HSSJ ""zem""",1796,Blanár et al.
SG,I,naděj,pod nadegj welkjch peněz prodan gsem bil,-i,PT 1796,"HSSJ ""nádej""",1796,Blanár et al.
SG,N,obec,"cela obecz gak meska tak y slobodnjcka sa ponosuge a žaluge, že zdegssj massar wisse potreby pre obec suceg statku držj",-∅,PONIKY 1797,"HSSJ ""obec""",1797,Blanár et al.
SG,A,rozkoš,Vaša Velkomožnost maju v tom radost a rozkoš svou dobročinnosti chudych potešovati,-∅,PODLUŽANY 1797 LP,"HSSJ ""rozkoš""",1797,Blanár et al.
SG,N,oj,oy,-∅,Rozk. 3183,"Gebauer, p. 203",1344-1364,Gebauer
SG,N,povodeň,wodnye veliká tempestas,-e/-ě,"ŽKlem. 49, 3","Gebauer, p. 204",1300-1350,Gebauer
SG,A,dél,wz dely,-i,Alb. 83a,"Gebauer, p. 207",1383,Gebauer
SG,A,zem,na zem,-∅,"Br. Isa. 40, 10","Gebauer, p. 207",1579-1593,Gebauer
SG,N,Vídeň,wyeden,-∅,Pulk. 141a,"Gebauer, p. 204",~1400,Gebauer
SG,A,kratochvíl,pro kratochwyl,-∅,Štít. uč. 125b,"Gebauer, p. 207",1376,Gebauer
SG,G,zem,wewodo czeſke zemye,-e/-ě,SvVác. Chrest.,Porák p. 34,1380-1390,Porák
SG,L,zem,Kaza gyemu za ſtolem na zemy ſyeſty,-i,DalC. Chrest. 43b,Porák p. 67,1300-1400,Porák
SG,A,zem,ſchowa w zemy ſwate tielo,-i,Hrad. Chrest. 23a,Porák p. 103,1300-1375,Porák
SG,A,zem,ſchowachu w zemi,-i,Troj. Chrest. 126b1,Porák p. 142,1469,Porák
SG,A,věž,"ktoz przied vrzadem ſlowem neb rzeczy zawynyl, yhned v wiezy wſazen byl",-i,PráZem. Chrest. 1b,Porák p. 158,~1400,Porák
SG,A,zem,"Day nam wſſyem, hoſpodyne, zyzzn a myr w zemy!",-i,PomNy Chrest.,Porák p. 33,1380-1390,Porák
SG,G,zem,zemye oprawyty nemozieſſe,-e/-ě,DalC. Chrest. 47b,Porák p. 70,1300-1400,Porák
SG,N,zem,kako yeſt ta zemye k Czecham przyſla,-e/-ě,DalC. Chrest. 44b,Porák p. 68,1300-1400,Porák
PL,A,zem,a  czoz by mohl uherſke zemye dobyty,-e/-ě,DalC. Chrest. 46a,Porák p. 69,1300-1400,Porák
SG,N,oj,oje,-e/-ě,Kotsm. 9,"Gebauer, p. 203",1868,Gebauer
SG,G,kratochvíl,ſe wſſie me kratochwile weſele,-e/-ě,Tkad. Chrest. 5b,Porák p. 151,1450-1500,Porák
SG,N,kadeř,kaderzye,-e/-ě,Urb. Hrad. 10,"Gebauer, p. 203",~1400,Gebauer
SG,A,výš,z-wyſſy,-i,"Ol. 3. Reg. 6, 10","Gebauer, p. 207",1417,Gebauer
SG,A,rozkoš,wſu rozkoſſy nep<rzi>rokey,-i,LegKat. Chrest. 13b,Porák p. 106,1350-1400,Porák
SG,A,obec,"Ztratye obczy, neufay do hrada",-i,DalC. Chrest. 9a,Porák p. 60,1300-1400,Porák
SG,G,chvíl,"od tyech panow, kterzyz gſu te chwyle byli",-e/-ě,PráZem. Chrest. 1a,Porák p. 157,~1400,Porák
SG,N,úlehl,vleh arvum,-∅,Vocab. 175b,"Gebauer, p. 204",1394-1398,Gebauer
SG,N,-myšl,Liutomysl,-∅,Kosm2.,"Gebauer, p. 203",1340-1342,Gebauer
SG,N,-myšl,Lutomizl,-∅,"KosmA. I, 42","Gebauer, p. 203",1154,Gebauer
SG,N,hráz,hráza,-a,BartD. 11,"Gebauer, p. 203",1895,Gebauer
SG,N,mez,meza,-a,BartD. 11,"Gebauer, p. 203",1895,Gebauer
SG,N,nesnáz,nesnáza,-a,BartD. 11,"Gebauer, p. 203",1895,Gebauer
SG,N,stráž,stráža,-a,BartD. 11,"Gebauer, p. 203",1895,Gebauer
SG,N,věž,věža,-a,BartD. 11,"Gebauer, p. 204",1895,Gebauer
SG,N,-yň,hospodyň,-∅,BartD. 21,"Gebauer, p. 205",1895,Gebauer
SG,N,-yň,kuchyň,-∅,BartD. 21,"Gebauer, p. 205",1895,Gebauer
SG,N,dél,del geho (stromu) dotýkáše nebě,-∅,"Pror. Dan. 4, 8","Gebauer, p. 203",1350-1400,Gebauer
SG,N,dél,desět loket bieše del dsky jedné,-∅,"Ol. Ex. 36, 21","Gebauer, p. 203",1417,Gebauer
SG,N,díž,dyeze,-e/-ě,Rozk. 2903,"Gebauer, p. 203",1344-1364,Gebauer
SG,N,houšť,hussczie,-e/-ě,Rozk. 2575,"Gebauer, p. 203",1344-1364,Gebauer
SG,N,kratochvíl,kratochwile,-e/-ě,Lact. 152a,"Gebauer, p. 203",1511,Gebauer
SG,N,kratochvíl,kratochvile,-e/-ě,chrom. 272,"Gebauer, p. 203",,Gebauer
SG,N,kratochvíl,kratochwyl,-∅,Štít. uč. 91b,"Gebauer, p. 203",1376,Gebauer
SG,N,kratochvíl,kratochwyl,-∅,Rozk. 2041,"Gebauer, p. 203",1344-1364,Gebauer
SG,N,koudel,kudele,-e/-ě,Rozk. 2683,"Gebauer, p. 203",1344-1364,Gebauer
SG,N,koudel,kaudele,-e/-ě,Lact. 156d,"Gebauer, p. 203",1511,Gebauer
SG,N,koudel,kudel,-∅,Boh. Fl. 774,"Gebauer, p. 203",1379,Gebauer
SG,N,mez,mezye,-e/-ě,Vít. 91a,"Gebauer, p. 203",1380-1400,Gebauer
SG,N,mez,mezie Moabova,-e/-ě,"Ol. Num. 21, 13","Gebauer, p. 203",1417,Gebauer
SG,N,mez,meze,-e/-ě,Nom. 66a,"Gebauer, p. 203",~1400,Gebauer
SG,N,mříž,mrzyezye,-e/-ě,Rozk. 2872,"Gebauer, p. 203",1344-1364,Gebauer
SG,N,mříž,mrzieze železná,-e/-ě,Lobk. 105b,"Gebauer, p. 203",1515,Gebauer
SG,N,nesnáz,neſnáz,-∅,"Br. Ex. 22, 9","Gebauer, p. 203",1579-1593,Gebauer
SG,N,obec,obecz jest každého ohrada,-∅,DalC. 4 atd.,"Gebauer, p. 203",1300-1400,Gebauer
SG,N,oj,oye,-e/-ě,MVerb.,"Gebauer, p. 203",1200-1300,Gebauer
SG,N,oj,woge,-e/-ě,Lact. 160b,"Gebauer, p. 203",1511,Gebauer
SG,N,oj,vůje,-e/-ě,chod. 38,"Gebauer, p. 203",,Gebauer
SG,N,oj,oy,-∅,Vít. 95b,"Gebauer, p. 203",1380-1400,Gebauer
SG,N,peleš,peleſſye lotrová,-e/-ě,"Pror. Jer. 7, 11","Gebauer, p. 203",1350-1400,Gebauer
SG,N,peleš,peleſs,-∅,Boh. Fl. 136,"Gebauer, p. 203",1379,Gebauer
SG,N,postel,poſtele,-e/-ě,Lact. 46a,"Gebauer, p. 203",1511,Gebauer
SG,N,poušť,ta puſſczie,-e/-ě,Krist. 29a,"Gebauer, p. 203",1300-1400,Gebauer
SG,N,poušť,pvvſſt jest,-∅,Štít. ř. 244a,"Gebauer, p. 203",1392,Gebauer
SG,N,rez,rzze aerugo,-e/-ě,HomOp. 177a,"Gebauer, p. 203",1250-1300,Gebauer
SG,N,rez,rez,-∅,Prešp. 2470,"Gebauer, p. 203",1350-1400,Gebauer
SG,N,rohož,rohozie,-e/-ě,OtcB. 152b,"Gebauer, p. 203",~1450,Gebauer
SG,N,roveň,kto jest rownye tobě,-e/-ě,ŽKlem. 23b,"Gebauer, p. 203",1300-1350,Gebauer
SG,N,stráž,ſtrazie custodia,-e/-ě,"ŽWittb. 89, 4","Gebauer, p. 203",1334-1366,Gebauer
SG,N,stráž,ſtrazie custos,-e/-ě,Otc. 345a,"Gebauer, p. 203",1400-1500,Gebauer
SG,N,šíř,"ſſyrzie latitudo,",-e/-ě,"Ol.Ex. 25, 10","Gebauer, p. 203",1417,Gebauer
SG,N,šíř,veliká ſſyrz,-∅,"Ol. 1. Reg. 26, 13","Gebauer, p. 203",1417,Gebauer
SG,N,tíž,tieze onus,-e/-ě,MamA. 31a,"Gebauer, p. 203",1400-1450,Gebauer
SG,N,tíž,tiže,-e/-ě,chrom. 272,"Gebauer, p. 203",,Gebauer
SG,N,tíž,tjž,-∅,"BílQ. 2, 50","Gebauer, p. 203",,Gebauer
SG,N,tloušť,tluſſtie vastitas,-e/-ě,"Ol. 2. Par. 4, 5","Gebauer, p. 203",1417,Gebauer
SG,N,tloušť,tluſcz crassitudo,-∅,"Pror. Jer. 52, 21","Gebauer, pp. 203-204",1350-1400,Gebauer
SG,N,tvrz,twrzye castellum,-e/-ě,Vocab. 175b,"Gebauer, p. 204",1394-1398,Gebauer
SG,N,úlehl,vlehle,-e/-ě,Brit.,"Gebauer, p. 204",~1400,Gebauer
SG,N,úlehl,vlehl,-∅,Zdik.,"Gebauer, p. 204",1424,Gebauer
SG,N,vášeň,dobrá waſnye,-e/-ě,AlxV. 1929,"Gebauer, p. 204",1400-1450,Gebauer
SG,N,věž,wieże,-e/-ě,HusŠal. 72a,"Gebauer, p. 204",1448,Gebauer
SG,N,věž,wěže,-e/-ě,VelKal. 91,"Gebauer, p. 204",1578,Gebauer
SG,N,vrš,wrſſie sagena,-e/-ě,"Ol. Ekkl. 7, 27","Gebauer, p. 204",1417,Gebauer
SG,N,výš,wyſſie altitudo,-e/-ě,"Ol. Ex. 27, 18","Gebauer, p. 204",1417,Gebauer
SG,N,zář,když zarzye vzchodieše,-e/-ě,Pulk. 23b,"Gebauer, p. 204",~1400,Gebauer
SG,N,Vídeň,jie (masti takové) nejmá wyednye ani Praha,-e/-ě,Mast. 157,"Gebauer, p. 204",~1350,Gebauer
SG,N,-yň,(Elžbeta) bieše bezdietkyn,-∅,"EvOl. Luk. 1, 7","Gebauer, p. 205",1421,Gebauer
SG,N,-yň,má przytelkyn,-∅,EvOl. 184a,"Gebauer, p. 205",1421,Gebauer
SG,N,-yň,to bude hospodyň,-∅,Suš. 274,"Gebauer, p. 205",1882,Gebauer
SG,N,-yň,hospodëň,-∅,chrom. 271 a 272,"Gebauer, p. 205",,Gebauer
SG,N,-yň,kuchëň,-∅,chrom. 271 a 272,"Gebauer, p. 205",,Gebauer
SG,N,-yň,jeskëň,-∅,chrom. 271 a 272,"Gebauer, p. 205",,Gebauer
SG,A,báň,v báni zlatau,-i,Troj. Jg.,"Gebauer, p. 207",1488,Gebauer
SG,A,dál,wz-dali,-i,"Ol. Jos. 3, 4","Gebauer, p. 207",1417,Gebauer
SG,A,dál,wz-dal,-∅,"Ol. Jos. 2. Mach. 12, 9","Gebauer, p. 207",1417,Gebauer
SG,A,dél,na del,-∅,Lobk. 6b,"Gebauer, p. 207",1515,Gebauer
SG,A,dél,na dýl,-∅,Pref. 29,"Gebauer, p. 207",1563,Gebauer
SG,A,dél,na dýl,-∅,"Br. Gen. 13, 17","Gebauer, p. 207",1579-1593,Gebauer
SG,A,houšť,a v jednu huſty,-i,AlxV. 732,"Gebauer, p. 207",1400-1450,Gebauer
SG,A,chvíl,na každú chwil,-∅,Orl. 92a,"Gebauer, p. 207",1417,Gebauer
SG,A,kratochvíl,za kratochwyl,-∅,DalC. 79,"Gebauer, p. 207",1300-1400,Gebauer
SG,A,koudel,a kladiž to na kaudeli z byelkem,-i,ChirB. 290b,"Gebauer, p. 207",1440,Gebauer
SG,A,mez,přes mezy,-i,"Ben. Jos. 16, 12","Gebauer, p. 207",1506,Gebauer
SG,A,mříž,skrze mrziezzy,-i,"Ol. Cant. 2, 9","Gebauer, p. 207",1417,Gebauer
SG,A,nesnáz,neſnáz míti,-∅,"Br. Jer. 2, 9","Gebauer, p. 207",1579-1593,Gebauer
SG,A,nesnáz,a neſnázi někakú,-i,HusPost. 163b,"Gebauer, p. 207",1414,Gebauer
SG,A,obec,ztratě obczy neúfaj do hrada,-i,DalC. 4,"Gebauer, p. 207",1300-1400,Gebauer
SG,A,peleš,peleſſy hroznú sme viděli,-i,Otc. 109a,"Gebauer, p. 207",1400-1500,Gebauer
SG,A,peleš,tu peleſſ,-∅,Krist. 25a,"Gebauer, p. 207",1300-1400,Gebauer
SG,A,polovic,jednu polowiczi a druhú polowiczi,-i,Kruml. 319a,"Gebauer, p. 207",1400-1418,Gebauer
SG,A,postel,poſteliu mú opláču,-u,ŽKlem. 3a,"Gebauer, p. 207",1300-1350,Gebauer
SG,A,postel,rohožě za poſtely jmějiechu,-i,DalC. 37,"Gebauer, p. 207",1300-1400,Gebauer
SG,A,postel,poſteli mú,-i,"Ol. Prov. 7, 16","Gebauer, p. 207",1417,Gebauer
SG,A,postel,na postel,-∅,Br. Jg.,"Gebauer, p. 207",1579-1593,Gebauer
SG,A,poušť,skrzě puſtyu,-u,"ŽKlem. 135, 16","Gebauer, p. 207",1300-1350,Gebauer
SG,A,poušť,král hanbú v-puſczy vnide,-i,DalC. 24,"Gebauer, p. 207",1300-1400,Gebauer
SG,A,poušť,přěs tu puſſczi,-i,Krist. 28a,"Gebauer, p. 207",1300-1400,Gebauer
SG,A,poušť,zamútí hospodin puſcz,-∅,"ŽKlem. 28, 8","Gebauer, p. 207",1300-1350,Gebauer
SG,A,poušť,na puſſcz,-∅,Krist. 22a,"Gebauer, p. 207",1300-1400,Gebauer
SG,A,poušť,w pauſſť,-∅,"Br. Isa. 1, 7","Gebauer, p. 207",1579-1593,Gebauer
SG,A,rez,oheň rez snímá,-∅,Alb. 76a,"Gebauer, p. 207",1383,Gebauer
SG,A,rohož,ve zlú rohozy,-i,Hrad. 99b,"Gebauer, p. 207",1300-1375,Gebauer
SG,A,rohož,jeden chudý měl rohozzi,-i,Kruml. 319a,"Gebauer, p. 207",1400-1418,Gebauer
SG,A,stráž,strazyu custodiam,-u,"ŽWittb. 78, 1","Gebauer, p. 207",1334-1366,Gebauer
SG,A,stráž,musí mieti tajnú ſtrazi,-i,NRada 1321,"Gebauer, p. 207",1394-1395,Gebauer
SG,A,stráž,stráž držeti,-∅,Br. Jg.,"Gebauer, p. 207",1579-1593,Gebauer
SG,A,stříc,w ſtṙíeci,-i,"Kladr. 1. Reg. 25, 30","Gebauer, p. 207",1450-1500,Gebauer
SG,A,souš,uhodíš na súš,-∅,Ctib. Jg.,"Gebauer, p. 207",,Gebauer
SG,A,šíj,obklíčíš ſſigi jeho,-i,"Ben. Job 39, 19","Gebauer, p. 207",1506,Gebauer
SG,A,šíř,wz-ſſirzi,-i,Kruml. 71a,"Gebauer, p. 207",1400-1418,Gebauer
SG,A,šíř,na ſſirz,-∅,Kruml. 70b,"Gebauer, p. 207",1400-1418,Gebauer
SG,A,tíž,v tu pracnú tyezy,-i,Rúd. 15b,"Gebauer, p. 207",1350-1400,Gebauer
SG,A,tíž,velkau tíž na hrdle míti,-∅,Vel. Jg.,"Gebauer, p. 207",1578,Gebauer
SG,A,tloušť,na tlauſſt,-∅,Lobk. 98a,"Gebauer, p. 207",1515,Gebauer
SG,A,tloušť,na tlauſſt,-∅,Háj. herb. 277a,"Gebauer, p. 207",1541,Gebauer
SG,A,tvrz,twirzu firmamentum,-u,"ŽGloss. 88, 41","Gebauer, p. 207",1250-1300,Gebauer
SG,A,tvrz,twrzy zapálichu praesidium,-i,"Ol. Súdc. 9, 49","Gebauer, p. 207",1417,Gebauer
SG,A,úlehl,na jednu úlehli,-i,DalJ. 5 rkp. L,"Gebauer, p. 207",1300-1400,Gebauer
SG,A,úlehl,na jednu vlehl,-∅,DalC. 5 rkp. L,"Gebauer, p. 207",1300-1400,Gebauer
SG,A,vášeň,také dobrú vaſnyu jmějieše,-u,Mast. 292,"Gebauer, p. 207",~1350,Gebauer
SG,A,vášeň,tu jsmy zvěděli přěšlechetnú waſſny,-i,Otc. 300b,"Gebauer, p. 207",1400-1500,Gebauer
SG,A,vášeň,tu waſſen,-∅,Otc. 122a,"Gebauer, p. 207",1400-1500,Gebauer
SG,A,věž,postavimy wyezy sobě,-i,DalC. 1,"Gebauer, p. 207",1300-1400,Gebauer
SG,A,věž,vzdělal vezzi,-i,EvOl. 228b,"Gebauer, p. 207",1421,Gebauer
SG,A,věž,na jednu wěži,-i,VelKal. 40,"Gebauer, p. 207",1578,Gebauer
SG,A,výš,na wyſſyu dovede mě vítěz,-u,ŽWittb. Hab. 19,"Gebauer, p. 207",1334-1366,Gebauer
SG,A,výš,wz-wyſſy,-i,Kruml. 70b,"Gebauer, p. 207",1400-1418,Gebauer
SG,A,výš,z-wyſs,-∅,"Ol. 1. Reg. 17, 4","Gebauer, p. 207",1417,Gebauer
SG,A,zem,všecku zemi,-i,"Ben. 4. Reg. 17, 5","Gebauer, p. 207",1506,Gebauer
SG,A,zem,potopu uvedu na zemi,-i,"Br. Gen. 6, 17","Gebauer, p. 207",1579-1593,Gebauer
SG,A,zem,jeden vypadl na zemi,-i,"Kom. Lab. 19, 11","Gebauer, p. 207",1871,Gebauer
SG,A,zem,na zem,-∅,"Br. Ex. 4, 3","Gebauer, p. 207",1579-1593,Gebauer
SG,A,-yň,(Oldřich Boženu) za knhienhu pojě,-u,DalH. 41,"Gebauer, p. 207",1300-1350,Gebauer
SG,A,-yň,nyemkynyu za ženu jmieti,-u,DalC. 41,"Gebauer, p. 207",1300-1400,Gebauer
SG,A,-yň,(Spytihněv) knyeny vzrudi,-i,DalC. 46,"Gebauer, p. 207",1300-1400,Gebauer
SG,A,-yň,poſelkyny k apostolóm učinil s’ ju,-i,Modl. 3b,"Gebauer, p. 207",1300-1400,Gebauer
SG,A,-yň,vašu hospodëň,-∅,chrom. 272,"Gebauer, p. 207",,Gebauer
SG,A,-yň,vy ste učinili geſkyn,-∅,EvOl. 280b,"Gebauer, p. 207",1421,Gebauer
SG,A,zem,Pauel dal geſt ploſcoucih zemu,-u,Litom. Chrest.,Porák p. 31,1200-1250,Porák
SG,A,zem,Wlah dal geſt dolaſ zemu bogu,-u,Litom. Chrest.,Porák p. 31,1200-1250,Porák
PL,N,zem,puzzthy̌ zzŭ negedny̌ zemie,-e/-ě,LegJid. Chrest.,Porák p. 36,1300-1350,Porák
PL,N,zem,"Prsiebẏl morse, zemie, rsieky̌",-e/-ě,LegJid. Chrest.,Porák p. 36,1300-1350,Porák
SG,A,zem,"odnads poſſeͤl, w tuse zemiu",-u,LegJid. Chrest.,Porák p. 36,1300-1350,Porák
SG,L,zem,"w zemy, v morzy, w hwyezdach tamo",-i,AlxV. Chrest. 157b2,Porák p. 41,1400-1450,Porák
SG,A,zem,Gyz zemye v porobye ſtaſye,-e/-ě,AlxV. Chrest. 158b1,Porák p. 43,1400-1450,Porák
PL,N,zem,Tyech let zemye welmy zhynu,-e/-ě,AlxV. Chrest. 158b1,Porák p. 43,1400-1450,Porák
SG,G,zem,"vzrzie, ze zemye porobena",-e/-ě,AlxV. Chrest. 158b1,Porák p. 44,1400-1450,Porák
SG,A,zem,i gens mu zemy porobyl,-i,AlxV. Chrest. 158b1,Porák p. 44,1400-1450,Porák
SG,D,zem,gedno vcho k zemy ſtuly,-i,AlxV. Chrest. 158b2,Porák p. 45,1400-1450,Porák
SG,G,vrš,ten yeſt nehoden ſwe wrſy,-i,AlxV. Chrest. 158b2,Porák p. 47,1400-1450,Porák
SG,G,zem,ale ze ſwe zemye netbagy,-e/-ě,DalC. Chrest. 1a,Porák p. 54,1300-1400,Porák
PL,A,zem,ſwe by zemye knyhy gmyely,-e/-ě,DalC. Chrest. 1a,Porák p. 54,1300-1400,Porák
PL,D,zem,aby pro naſſie zemie czeſt,-e/-ě,DalC. Chrest. 3a,Porák p. 56,1300-1400,Porák
SG,N,zem,w ſyrbſkem yazyku yeſt zemye,-e/-ě,DalC. Chrest. 4b,Porák p. 56,1300-1400,Porák
SG,L,zem,w tey zemy byeſſe lech,-i,DalC. Chrest. 5a,Porák p. 56,1300-1400,Porák
SG,A,zem,pro nyez ſwu zemy p<ro>wyny,-i,DalC. Chrest. 5a,Porák p. 56,1300-1400,Porák
SG,G,zem,Y wybra ſye ſe wſſym z ſſemye,-e/-ě,DalC. Chrest. 5a,Porák p. 56,1300-1400,Porák
SG,A,zem,s nyez wſſyczku zemy ohleda,-i,DalC. Chrest. 5b,Porák p. 57,1300-1400,Porák
SG,A,zem,Gmamy zemy po ſwey woly,-i,DalC. Chrest. 5b,Porák p. 57,1300-1400,Porák
SG,L,poušť,Yako by ſye dneſ na puſczy ſtalo,-i,DalC. Chrest. 6a,Porák p. 57,1300-1400,Porák
SG,A,zem,S te hory na zemy zrzyechu,-i,DalC. Chrest. 6a,Porák p. 57,1300-1400,Porák
SG,A,zem,pron zemy Czechy wzdiechu.,-i,DalC. Chrest. 6a,Porák p. 57,1300-1400,Porák
SG,A,zem,Ten zemy wſſyczku ſudyeſſe,-i,DalC. Chrest. 7a,Porák p. 58,1300-1400,Porák
SG,A,zem,ta wſſyczku zemy ſudyeſſe,-i,DalC. Chrest. 7b,Porák p. 58,1300-1400,Porák
SG,A,mez,"Sta ſye, ze o mezy dwa ſye ſwadyſta",-i,DalC. Chrest. 7b,Porák p. 58,1300-1400,Porák
SG,G,zem,tehdy tee wſſye zemye maty,-e/-ě,DalC. Chrest. 8a,Porák p. 59,1300-1400,Porák
SG,G,zem,z kterez nam zemye radyſſ knyeze wziety,-e/-ě,DalC. Chrest. 8b,Porák p. 59,1300-1400,Porák
SG,L,zem,neb w ſſwey zemy nemozem podobneho myety,-i,DalC. Chrest. 8b,Porák p. 59,1300-1400,Porák
SG,D,obec,kteryz pro ſwe dobre da obczy zlym to uzyty,-i,DalC. Chrest. 9a,Porák p. 60,1300-1400,Porák
SG,N,obec,Obecz yest kazdeho ohrada,-∅,DalC. Chrest. 9a,Porák p. 60,1300-1400,Porák
SG,G,obec,bez obcye pohyne wſſelyka ſwada,-e/-ě,DalC. Chrest. 9a,Porák p. 60,1300-1400,Porák
SG,A,zem,Przyemyſl wdruzy w zemy otku,-i,DalC. Chrest 11b,Porák p. 61,1300-1400,Porák
SG,L,zem,bude w zemy zyzen a czaſto hlad,-i,DalC. Chrest 11b,Porák p. 61,1300-1400,Porák
SG,G,zem,Czyeſarz za nym do zemye pogyde,-e/-ě,DalC. Chrest. 45a,Porák p. 68,1300-1400,Porák
SG,A,zem,Mu my zemi otyal bez prawa,-i,DalC. Chrest. 45a-45b,Porák p. 69,1300-1400,Porák
SG,A,zem,wraty gemu zemyu y kralowſtwie,-u,DalC. Chrest. 46a,Porák p. 69,1300-1400,Porák
SG,D,zem,da gemu mocz k ſwey zemy dobyty,-i,DalC. Chrest. 46a,Porák p. 69,1300-1400,Porák
SG,N,Vídeň,zeth gye neyma Wyednye any P<ra>ha,-e/-ě,Mast. Chrest. 3a,Porák p. 78,1340-1350,Porák
SG,N,chvíl,azt y myne ta zla chwile,-e/-ě,Hrad. Chrest. 21b,Porák p. 102,1300-1375,Porák
SG,G,zem,genz byl czeſſke zemye oſwieta,-e/-ě,Hrad. Chrest. 22b,Porák p. 103,1300-1375,Porák
SG,A,zem,a ſſweho mileho otczye w zemy ſchowawſe,-i,Hrad. Chrest. 24b,Porák p. 104,1300-1375,Porák
PL,A,zem,ſwe wſie zemye za to daty,-e/-ě,LegKat. Chrest. 17a,Porák p. 111,1350-1400,Porák
SG,L,chvíl,"a yak ſye to ſta, w tey chwili",-i,LegKat. Chrest.,Porák p. 112,1350-1400,Porák
PL,L,zem,we wſſech zemiech tayto nenie,-e/-ě,NovRad. Chrest. 98b,Porák p. 120,~1400,Porák
SG,V,obec,"y wſſie obczi, yakz wam wierzy!",-i,NovRad. Chrest. 98b,Porák p. 120,~1400,Porák
SG,A,zem,ſyed y wkopa gie w zemi y ſkri penyeze pana ſſweho,-i,Mat. Chrest. 363b,Porák p. 132,1350-1400,Porák
SG,A,zem,ſeel gſſem y ſkryl gſſem twee zawazye w zemi,-i,Mat. Chrest. 364a,Porák p. 132,1350-1400,Porák
SG,N,zem,nebo wlaſtne mieſto czlowieczſtwie geſt zemie,-e/-ě,Mat. Chrest. 364b,Porák p. 133,1350-1400,Porák
SG,A,zem,ſſyed y wkopal ſtrziebro pana ſſweho w zemi,-i,Mat. Chrest. 365a,Porák p. 134,1350-1400,Porák
SG,A,zem,ten zawierne w zemi wkuopawa,-i,Mat. Chrest. 365a,Porák p. 134,1350-1400,Porák
SG,D,obec,ſwu epiſſtolu pyſſe ke wſſyey obczi krzieſtanſke,-i,7Vstup. Chrest. 14b1,Porák p. 135,1350-1396,Porák
SG,N,zem,"zemye buyna, bude-ly dluho neorana, leſem poroſte",-e/-ě,7Vstup. Chrest. 15b2,Porák p. 136,1350-1396,Porák
SG,A,poušť,y wygide z domu a v welikem ſmutcye y zagide na puſſt,-∅,OtcB. Chrest.,Porák p. 140,1400-1450,Porák
SG,A,zem,y wdruzi gi w zemi,-i,OtcB. Chrest.,Porák p. 141,1400-1450,Porák
PL,I,zem,genz mnoho zemyemij od krale wladnieſſe,-e/-ě,MarPolo Chrest. 52b,Porák p. 148,1450-1500,Porák
PL,G,zem,do kralowich zemij,-i,MarPolo Chrest. 52b,Porák p. 148,1450-1500,Porák
SG,D,kratochvíl,ke wſſie kratochwili,-i,Tkad. Chrest. 5a,Porák p. 150,1450-1500,Porák
SG,A,kratochvíl,"buynoſti przimnozila, kratochwil rozſſirzila",-∅,Tkad. Chrest. 5a,Porák p. 150,1450-1500,Porák
SG,N,zář,przecz g<eſ>t zaſtupila ma denicznie zarze,-e/-ě,Tkad. Chrest. 5a,Porák p. 150,1450-1500,Porák
SG,G,kratochvíl,ſ trzepetny<m> praporcze<m> wſſie me kratochwile,-e/-ě,Tkad. Chrest. 5b,Porák p. 150,1450-1500,Porák
SG,A,chvíl,na tu zaloſtiwu chwili,-i,Tkad. Chrest. 5b,Porák p. 150,1450-1500,Porák
SG,G,zem,"pod pokutu czty, wyery a wyhnanye z zemye",-e/-ě,PráZem. Chrest. 1b,Porák p. 158,~1400,Porák
SG,G,zem,geſſto gye yakozto poſly wſſye zemye wydawa,-e/-ě,PráZem. Chrest. 2a,Porák p. 159,~1400,Porák
SG,A,zem,obdrzal drzewe czeſku zemi,-i,Živ. Chrest. 336,Porák p. 160,~1450,Porák