ID Sk,Word Sk,Frequency Sk,Type Sk,Page Sk,ID Cz,Word G Cz,Page G Cz,Word N Cz,Frequency Cz,Page Cz,Comment
,absencia,1,6,126,390,absence,194,absence,6,26,
,absolutizácia,1,6,123,195,absolutizace,189,absolutizace,6,24,
,absorbcia,1,6,126,407,absorpce,194,absorpce,12,27,
169,abstrakcia,7,6,124,336,abstrakce,193,abstrakce,6,26,
,adaptabilnosť,1,8,537,1090,adaptabilnosti,237,adaptabilnost,1,121,
,adaptácia,1,6,121,130,adaptace,189,adaptace,15,24,
,adekvátnosť,1,8,541,1162,adekvátnosti,238,adekvátnost,2,121,
,admitancia,1,6,125,370,admitance,193,admitance,20,26,
,afektovanosť,1,8,532,973,afektovanosti,236,afektovanost,1,119,
,,,,,1011,afilozofičnosti,236,afilozofičnost,1,120,
,agitácia,1,6,121,113,agitace,188,agitace,8,24,
,aglomerácia,1,6,120,87,aglomerace,188,aglomerace,2,23,
,agresia,1,6,135,664,agrese,203,agrese,4,30,
224,akadémia,5,6,131,516,akademie,198,akademie,38,28,
,akcelerácia,1,6,120,86,akcelerace,188,akcelerace,7,23,
164,akcia,26,6,124,330,akce,193,akce,172,26,
,aklimatizácia,1,6,123,192,aklimatizace,189,aklimatizace,1,24,
,akomodácia,1,6,117,4,akomodace,187,akomodace,3,23,
515,akosť,9,8,528,914,jakosti,235,jakost,83,119,
,Akropola,1,5,190,630,akropole,201,akropole,1,29,
,aktivizácia,1,6,123,196,aktivizace,189,aktivizace,3,24,
,,,,,107,akulturace,188,akulturace,4,24,
121,akumulácia,5,6,119,51,akumulace,188,akumulace,12,23,
,akvizícia,1,6,124,317,akvizice,192,akvizice,4,26,
,alchýmia,1,6,132,530,alchymie,198,alchymie,1,28,
268,aleja,6,6,137,607,aleje,199,alej,3,90,
,alkália,1,6,130,502,alkálie,197,alkálie,4,28,
,,,,,428,Amarancie,197,Amarancie,1,27,
152,ambícia,2,6,124,207,ambice,190,ambice,1,24,
,amnestia,1,6,136,588,amnestie,198,amnestie,9,28,
,,,,,598,amnézie,199,amnézie,2,29,
,analógia,1,6,128,462,analogie,197,analogie,11,27,
216,anarchia,2,6,130,,anarchie,,anarchie,1,,
,anatómia,1,6,131,527,anatomie,198,anatomie,1,28,
94,Anča,4,6,111,,Anči,,Anča,1,,
,angažovanosť,1,8,532,976,angažovanosti,236,angažovanost,21,119,
,Anglia,1,6,130,510,Anglie,197,Anglie,22,28,
,anizotropia,1,6,133,548,anizotropie,198,anizotropie,1,28,
,anomália,1,6,130,503,anomálie,197,anomálie,18,28,
,anotácia,1,6,121,128,anotace,189,anotace,1,24,
,anticipácia,1,6,120,79,anticipace,188,anticipace,2,23,
,antipatia,1,6,136,584,antipatie,198,antipatie,1,28,
115,aplikácia,3,6,118,27,aplikace,187,aplikace,77,23,
,aproximácia,1,6,119,57,aproximace,188,aproximace,25,23,
,arália,1,6,130,505,arálie,197,arálie,1,28,
,arbitráž,1,7,725,737,arbitráže,204,arbitráž,3,163,
,archeológia,1,6,128,466,archeologie,197,archeologie,12,27,
,argumentácia,1,6,121,122,argumentace,189,argumentace,5,24,
,ária,1,6,134,550,árie,198,árie,5,28,
,,,,,490,aristologie,197,aristologie,1,28,
,artikulácia,1,6,119,46,artikulace,188,artikulace,8,23,
,asanácia,1,6,119,63,asanace,188,asanace,5,23,
,asimilácia,1,6,119,40,asimilace,188,asimilace,6,23,
,asociácia,1,6,118,11,asociace,187,asociace,8,23,
,ašpirácia,1,6,120,94,aspirace,188,aspirace,3,23,
228,astronómia,4,6,131,524,astronomie,198,astronomie,28,28,
,atraktívnosť,1,8,543,1194,atraktivnosti,238,atraktivnost,1,122,
219,Austrália,3,6,130,506,Austrálie,197,Austrálie,4,28,
,autogenéza,1,5,219,705,autogeneze,204,autogeneze,1,30,
,automatizácia,1,6,123,193,automatizace,189,automatizace,16,24,
,autonómia,1,6,131,525,autonomie,198,autonomie,3,28,
,,,,,153,autosocializace,189,autosocializace,1,24,
,,,,,473,axiologie,197,axiologie,1,28,
258,Ázia,10,6,136,579,Asie,198,Asie,13,28,
399,báj,4,7,291,603,báje,199,báje,1,29,
399,báj,4,7,291,603,báje,199,báj,1,90,
,baktéria,1,6,134,565,baktérie,198,baktérie,17,28,
291,baňa,32,6,201,,,,,0,,
442,báseň,32,7,358,804,básně,210,báseň,12,104,
,batéria,1,6,134,553,baterie,198,baterie,6,28,
,báza,8,5,219,696,báze,204,báze,28,30,
452,bázeň,8,7,358,,bázně,,bázeň,1,,
,beletria,1,6,135,574,beletrie,198,beletrie,1,28,
,beletrizácia,1,6,123,188,beletrizace,189,beletrizace,1,24,
,Belgia,1,6,128,460,Belgie,197,Belgie,8,27,
255,beštia,2,6,136,,bestie,,bestie,1,28,
633,bezdejinnosť,2,8,539,,,,,0,,
360,bezmoc,2,8,232,856,bezmoci,226,bezmoc,1,20,
573,bezmocnosť,10,8,532,,bezmocnosti,,bezmocnost,1,120,
581,bezpečnosť,14,8,533,1001,bezpečnosti,236,bezpečnost,105,120,
589,bezradnosť,3,8,534,,bezradnosti,,bezradnost,1,120,
,bibliografia,1,6,127,443,bibliografie,197,bibliografie,36,27,
455,bielizeň,12,7,358,,bělizny,,bělizna,1,,
179,bilancia,2,6,125,365,bilance,193,bilance,20,26,
,biografia,1,6,127,442,biografie,197,biografie,1,27,
211,biológia,12,6,128,,biologie,,biologie,6,27,
605,blaženosť,2,8,536,,blaženosti,,blaženost,1,,
,,,,,908,blbosti,235,blbost,2,119,
530,blízkosť,22,8,530,924,blízkosti,235,blízkost,37,119,
325,bohyňa,11,6,203,814,bohyně,210,bohyně,2,35,
,bojovnosť,1,8,543,1199,bojovnosti,238,bojovnost,5,122,
,Boleslav,1,1,560,1300,Boleslavi,240,Boleslav,2,124,
499,bolesť,64,8,528,898,bolesti,235,bolest,12,119,
86,borovica,6,6,110,,borovice,,borovice,5,26,
,bradavica,1,6,110,310,bradavice,192,bradavice,1,26,
222,Brazília,2,6,130,,Brazílie,,Brazílie,1,,
,,,,,786,Bretaně,209,Bretaň,2,104,
,,,,,1290,březosti,239,březost,1,123,
,,,,,679,Brigitte,203,Brigitte,1,30,
230,Británia,4,6,132,533,Británie,198,Británie,4,28,
,brokovnica,1,6,109,284,brokovnice,191,brokovnice,1,25,
329,broskyňa,3,6,203,,,,,0,,
,brusnica,1,6,109,274,Brusnice,191,Brusnice,3,25,
101,bryndza,4,6,115,,brynzy,,brynza,1,,
730,Budapešť,30,8,549,,Budapešti,,Budapešť,6,123,
574,budúcnosť,102,8,532,993,budoucnosti,236,budoucnost,64,120,
731,Bukurešť,2,8,549,,Bukurešti,,Bukurešť,3,123,
259,buržoázia,15,6,137,594,buržoazie,199,buržoazie,22,28,
,,,,,671,Butovse,203,Butoves,1,113,
409,byľ,10,7,319,,býlí,,býlí,1,,
107,byrokracia,2,6,117,,byrokracie,,byrokracie,1,,
67,bystrica,16,6,110,301,Bystřice,192,Bystřice,4,25,
698,bytosť,21,8,546,1244,bytosti,239,bytost,37,122,
,Byzancia,1,6,125,374,Byzance,193,Byzanc,3,20,
431,čakáreň,7,7,357,,čekárny,,čekárna,7,11,
59,čapica,3,6,110,295,čepice,191,čepice,2,25,
332,čaša,9,6,208,,číše,,číše,1,,
332,čaša,9,6,208,,číše,,číš,1,,
,čašnica,1,6,109,275,číšnice,191,číšnice,2,25,
487,časť,202,8,527,896,části,235,část,518,119,
70,častica,5,6,110,308,částice,192,částice,123,26,
,častosť,1,8,545,1242,častosti,239,častost,1,122,
370,čeľaď,2,7,240,860,čeledi,227,čeleď,13,23,
543,celosť,2,8,530,,celosti,,celost,1,,
729,čeľusť,7,7,549,902,čelisti,235,čelist,29,119,
,centrálnosť,1,8,537,1075,centrálnosti,237,centrálnost,1,120,
403,čepeľ,9,7,317,615,čepele,200,čepel,6,97,
315,čerešňa,28,6,202,807,třešně,210,třešně,8,34,
315,čerešňa,28,6,202,808,třešňe,210,třešeň,7,104,
,černozem,1,7,321,781,černozemě,208,černozem,2,100,
497,česť,57,8,527,877,cti,235,čest,8,119,
,čestnosť,1,8,542,1174,čestnosti,238,čestnost,8,121,
,,,,,1163,četnosti,238,četnost,15,121,
,chamtivosť,1,8,548,1277,chamtivosti,239,chamtivost,1,122,
366,chatrč,3,7,236,,chatrče,,chatrč,1,,
225,chémia,5,6,131,517,chemie,198,chemie,24,28,
,chemikália,1,6,130,501,chemikálie,197,chemikálie,11,28,
215,chirurgia,2,6,130,,chirurgie,,chirurgie,1,,
314,chlopňa,6,6,202,,chlopně,,chlopeň,1,,
,chmúrnosť,1,8,541,1143,chmurnosti,238,chmurnost,1,121,
,chobotnica,1,6,109,279,chobotnice,191,chobotnice,1,25,
102,chôdza,7,6,115,730,chůze,204,chůze,4,30,
,choreografia,1,6,127,441,choreografie,197,choreografie,3,27,
734,chuť,111,8,549,1296,chuti,240,chuť,31,123,
275,chvíľa,393,6,191,624,chvíle,200,chvíle,92,29,
349,chyža,5,6,222,,chýše,,chýše,2,30,
284,cibuľa,4,6,191,639,cibule,201,cibule,7,29,
631,činnosť,98,8,539,1117,činnosti,237,činnost,550,121,
737,cirkev,14,8,560,681,církve,203,církev,22,124,
,čírosť,1,8,544,1224,čirosti,239,čirost,1,122,
19,číslica,7,6,107,,číslice,,číslice,1,25,
713,citlivosť,6,8,547,1266,citlivosti,239,citlivost,14,122,
145,civilizácia,7,6,122,172,civilizace,189,civilizace,37,24,
569,cnosť,3,8,532,,,,,0,,
436,cukráreň,3,7,358,,cukrárny,,cukrárna,1,11,
,čulosť,1,8,531,940,čilosti,236,čilost,2,119,
,cykličnosť,1,8,533,1013,cykličnosti,236,cykličnost,1,120,
411,daň,7,7,356,782,daně,208,daň,7,104,
558,danosť,2,8,531,,danosti,,danost,1,119,
46,daromnica,2,6,108,,,,,0,,
,,,,,646,Davle,201,Davle,2,29,
,decentralizácia,1,6,122,167,decentralizace,189,decentralizace,2,24,
,decízia,1,6,137,708,decize,204,decize,2,30,
,dedičnosť,1,8,533,1008,dědičnosti,236,dědičnost,8,120,
456,dedovizeň,2,7,358,,,,,0,,
,dedukcia,1,6,125,352,dedukce,193,dedukce,4,26,
157,definícia,3,6,124,251,definice,191,definice,33,25,
,deformácia,1,6,119,59,deformace,188,deformace,17,23,
129,deklarácia,4,6,120,82,deklarace,188,deklarace,2,23,
,deklinácia,1,6,120,70,deklinace,188,deklinace,3,23,
,dekorácia,1,6,120,98,dekorace,188,dekorace,2,23,
111,delegácia,13,6,117,8,delegace,187,delegace,45,23,
,delimitácia,1,6,121,116,delimitace,188,delimitace,16,24,
106,demokracia,42,6,117,,demokracie,,demokracie,14,27,
136,demonštrácia,27,6,121,101,demonstrace,188,demonstrace,4,23,
250,depresia,3,6,135,,deprese,,deprese,1,,
,derivácia,1,6,122,137,derivace,189,derivace,18,24,
,,,,,693,dermabraze,204,dermabraze,4,30,
,deskripcia,1,6,126,406,deskripce,194,deskripce,2,27,
,destinácia,1,6,120,75,destinace,188,destinace,1,23,
,deštrukcia,1,6,125,358,destrukce,193,destrukce,5,26,
,detekcia,1,6,124,346,detekce,193,detekce,15,26,
,determinácia,1,6,120,73,determinace,188,determinace,1,23,
,devalvácia,1,6,122,142,devalvace,189,devalvace,1,24,
,diagenéza,1,5,219,701,diageneze,204,diageneze,1,30,
,diaľnica,1,6,108,256,dálnice,191,dálnice,16,25,
,dialogičnosť,1,8,533,1012,dialogičnosti,236,dialogičnost,2,120,
,dichotómia,1,6,131,528,dichotomie,198,dichotomie,2,28,
309,dielňa,32,6,201,,dílny,,dílna,47,11,
,dieselizácia,1,6,122,169,dieselizace,189,dieselizace,3,24,
,diferencia,1,6,126,385,diference,194,diference,12,26,
,diferenciácia,1,6,118,10,diferenciace,187,diferenciace,26,23,
,diferencovanosť,1,8,531,963,diferencovanosti,236,diferencovanost,3,119,
,dimenzia,1,6,137,716,dimenze,204,dimenze,13,30,
,diplomacia,1,6,117,427,diplomacie,197,diplomacie,1,27,
,diskrepancia,1,6,125,368,diskrepance,193,diskrepance,3,26,
,diskriminácia,1,6,120,72,diskriminace,188,diskriminace,4,23,
252,diskusia,30,6,136,669,diskuse,203,diskuse,57,30,
,disociácia,1,6,118,12,disociace,187,disociace,3,23,
,disonancia,1,6,125,366,disonance,193,disonance,2,26,
,disperzia,1,6,137,720,disperze,204,disperze,3,30,
,disponovanosť,1,8,532,971,disponovanosti,236,disponovanost,5,119,
163,dispozícia,15,6,124,323,dispozice,192,dispozice,90,26,
,dištancia,1,6,125,373,distance,193,distance,5,26,
,distribúcia,1,6,126,412,distribuce,195,distribuce,6,27,
,diverzia,1,6,137,722,diverze,204,diverze,6,30,
,divízia,1,6,137,712,divize,204,divize,10,30,
413,dlaň,123,7,356,,dlaně,,dlaň,6,104,
,dlaždica,1,6,106,214,dlaždice,190,dlaždice,6,25,
,,,,,261,dobrovolnice,191,dobrovolnice,1,25,
,dojivosť,1,8,547,1257,dojivosti,239,dojivost,8,122,
,dojnica,1,6,108,253,dojnice,191,dojnice,10,25,
536,dokonalosť,2,8,530,926,dokonalosti,235,dokonalost,8,119,
,dokumentácia,1,6,121,123,dokumentace,189,dokumentace,22,24,
693,dôležitosť,10,8,545,1240,důležitosti,239,důležitost,24,122,
570,domácnosť,14,8,532,986,domácnosti,236,domácnost,51,120,
590,dôslednosť,5,8,534,1029,důslednosti,237,důslednost,5,120,
,dospelosť,1,8,530,936,dospělosti,236,dospělost,3,119,
614,dôstojnosť,3,8,537,,důstojnosti,,důstojnost,2,120,
,dotácia,1,6,121,126,dotace,189,dotace,7,24,
,,,,,1032,dovednosti,237,dovednost,19,120,
,dozimetria,1,6,135,575,dozimetrie,198,dozimetrie,1,28,
149,dramatizácia,2,6,123,190,dramatizace,189,dramatizace,1,24,
,dramaturgia,1,6,130,494,dramaturgie,197,dramaturgie,5,28,
,dreň,1,7,358,795,dřeně,209,dřeň,1,104,
,drenáž,1,7,724,734,drenáže,204,drenáž,7,163,
563,drobnosť,2,8,532,980,drobnosti,236,drobnost,4,119,
,drogéria,1,6,134,558,drogérie,198,drogérie,4,28,
,,,,,840,drtě,211,drť,1,123,
,,,,,749,drůbeže,205,drůbež,17,163,
89,družica,9,6,111,326,družice,192,družice,31,26,
676,družnosť,7,8,544,,družnosti,,družnost,1,,
340,duša,230,6,208,677,duše,203,duše,11,30,
12,dvojica,37,6,106,216,dvojice,190,dvojice,53,25,
719,dychtivosť,2,8,548,,dychtivosti,,dychtivost,1,122,
323,dyňa,3,6,203,,dýně,,dýně,1,,
,dynastia,1,6,136,587,dynastie,198,dynastie,2,28,
273,džungľa,7,6,191,,džungle,,džungle,2,29,
,edícia,1,6,124,211,edice,190,edice,5,25,
,efektívnosť,1,8,543,1195,efektivnosti,238,efektivnost,63,122,
,ekológia,1,6,129,477,ekologie,197,ekologie,1,28,
227,ekonómia,7,6,131,523,ekonomie,198,ekonomie,20,28,
,ektogenéza,1,5,219,703,ektogeneze,204,ektogeneze,1,30,
,elegancia,1,6,125,364,elegance,193,elegance,1,26,
437,elektráreň,10,7,358,,elektrárny,,elektrárna,27,11,
113,elektrifikácia,2,6,118,21,elektrifikace,187,elektrifikace,2,23,
,elektrizácia,1,6,123,189,elektrizace,189,elektrizace,11,24,
,elektroinštalácia,1,6,118,35,elektroinstalace,187,elektroinstalace,2,23,
,emancipácia,1,6,120,80,emancipace,188,emancipace,4,23,
,emigrácia,1,6,120,93,emigrace,188,emigrace,6,23,
,emisia,1,6,136,665,emise,203,emise,17,30,
,emócia,1,6,126,403,emoce,194,emoce,5,27,
,empíria,1,6,134,567,empirie,198,empirie,6,28,
,emulzia,1,6,137,714,emulze,204,emulze,15,30,
,encyklopédia,1,6,126,432,encyklopedie,197,encyklopedie,2,27,
214,energia,91,6,130,492,energie,197,energie,230,28,
,entropia,1,6,133,547,entropie,198,entropie,14,28,
,ergonómia,1,6,131,522,ergonomie,198,ergonomie,6,28,
,Ermitráž,1,7,725,742,Ermitráže,204,Ermitráž,1,163,
,erózia,1,6,137,719,eroze,204,eroze,2,30,
,erupcia,1,6,126,408,erupce,194,erupce,12,27,
,etnografia,1,6,127,449,etnografie,197,etnografie,6,27,
181,evidencia,6,6,125,377,evidence,194,evidence,21,26,
,exakuácia,1,6,122,134,evakuace,189,evakuace,3,24,
,excitácia,1,6,121,112,excitace,188,excitace,3,24,
,exhalácia,1,6,118,33,exhalace,187,exhalace,6,23,
,exhibícia,1,6,124,206,exhibice,190,exhibice,1,24,
188,existencia,17,6,126,394,existence,194,existence,91,26,
266,exkurzia,4,6,137,725,exkurze,204,exkurze,8,30,
,expanzia,1,6,137,715,expanze,204,expanze,5,30,
154,expedícia,3,6,124,212,expedice,190,expedice,18,25,
,exploatácia,1,6,121,108,exploatace,188,exploatace,1,24,
,explózia,1,6,137,718,exploze,204,exploze,5,30,
,expozícia,1,6,124,325,expozice,192,expozice,33,26,
276,fakľa,6,6,191,,,,,0,,
468,faloš,2,7,411,,falše,,faleš,1,,
260,fantázia,26,6,137,595,fantazie,199,fantazie,5,28,
,farebnosť,1,8,532,1189,barevnosti,238,barevnost,11,122,
,fáza,7,5,219,697,fáze,204,fáze,121,30,
289,fazuľa,6,6,191,634,fazole,201,fazole,2,29,
,federácia,1,6,120,85,federace,188,federace,10,23,
,fermež,1,7,125,752,fermeže,205,fermež,2,163,
171,fikcia,2,6,124,347,fikce,193,fikce,2,26,
,,,,,453,Filadelfie,197,Filadelfie,1,27,
,filharmónia,1,6,133,538,filharmonie,198,filharmonie,14,28,
,filiácia,1,6,118,13,filiace,187,filiace,2,23,
205,filozofia,116,6,128,455,filozofie,197,filozofie,92,27,
,fixácia,1,6,122,147,fixace,189,fixace,5,24,
334,fľaša,39,6,208,,flaše,,flaše,1,,
,Florenc,1,1,232,388,Florence,194,Florenc,4,20,
,Florenc,1,1,232,388,Florence,194,Florencie,1,27,
,Florencia,1,6,126,388,Florence,194,Florenc,4,20,
,Florencia,1,6,126,388,Florence,194,Florencie,1,27,
,flotácia,1,6,121,127,flotace,189,flotace,1,24,
,fluktuácia,1,6,122,136,fluktuace,189,fluktuace,6,24,
,fólia,1,6,130,514,fólie,198,fólie,14,28,
,fonológia,1,6,129,482,fonologie,197,fonologie,11,28,
,formácia,1,6,119,58,formace,188,formace,11,23,
,,,,,160,formalizace,189,formalizace,1,24,
,formálnosť,1,8,537,1074,formálnosti,237,formálnost,3,120,
,formula,1,5,190,641,formule,201,formule,22,29,
120,formulácia,7,6,119,50,formulace,188,formulace,20,23,
203,fotografia,31,6,127,452,fotografie,197,fotografie,25,27,
,fotoionizácia,1,6,123,180,fotoionizace,189,fotoionizace,1,24,
168,frakcia,2,6,124,,frakce,,frakce,1,26,
180,Francia,5,6,125,429,Francie,197,Francie,41,27,
,fráza,10,5,219,699,fráze,204,fráze,13,30,
,frekvencia,1,6,126,397,frekvence,194,frekvence,43,27,
,frustrácia,1,6,121,102,frustrace,188,frustrace,1,23,
75,fujavica,5,6,110,,fujavice,,fujavice,1,,
,fuksia,1,6,136,581,fuchsie,198,fuchsie,1,28,
173,funkcia,62,6,124,350,funkce,193,funkce,428,26,
,funkčnosť,1,8,533,1019,funkčnosti,236,funkčnost,1,120,
,fylogenéza,1,5,219,702,fylogeneze,204,fylogeneze,1,30,
,fyziológia,1,6,128,475,fyziologie,197,fyziologie,2,28,
,galantéria,1,6,134,566,galantérie,198,galantérie,5,28,
,galaxia,1,6,136,593,galaxie,199,galaxie,7,28,
243,galéria,5,6,134,559,galérie,198,galérie,10,28,
746,garáž,5,7,725,735,garáže,204,garáž,9,163,
41,Gelnica,2,6,108,,,,,0,,
,genealógia,1,6,128,461,genealogie,197,genealogie,2,27,
130,generácia,20,6,120,88,generace,188,generace,105,23,
,generalizácia,1,6,122,166,generalizace,189,generalizace,4,24,
,geochémia,1,6,131,518,geochemie,198,geochemie,1,28,
,geodézia,1,6,137,597,geodézie,199,geodézie,3,29,
,geografia,1,6,127,439,geografie,197,geografie,5,27,
,geológia,1,6,128,465,geologie,197,geologie,6,27,
248,geometria,3,6,135,576,geometrie,198,geometrie,16,28,
,gnozeológia,1,6,128,467,gnozeologie,197,gnozeologie,4,27,
,gradácia,1,6,117,1,gradace,187,gradace,6,23,
,gratulácia,1,6,119,54,gratulace,188,gratulace,2,23,
141,gravitácia,2,6,121,118,gravitace,188,gravitace,2,24,
285,guľa,50,6,191,642,koule,201,koule,15,29,
9,hadica,2,6,106,209,hadice,190,hadice,9,24,
742,haluz,4,8,724,,haluze,,haluz,1,,
742,haluz,4,8,724,,haluze,,haluze,1,,
,haluza,1,6,,,haluze,,haluz,1,,
,haluza,1,6,,,haluze,,haluze,1,,
235,harmónia,3,6,133,,harmonie,,harmonie,3,28,
,,,,,271,hasnice,191,hasnice,5,25,
470,hať,3,7,429,,hati,,hať,1,,
470,hať,3,7,429,,hatě,,hať,1,,
240,havária,2,6,134,,havárie,,havárie,3,28,
374,háveď,3,7,240,886,havěti,235,havěť,1,123,
,hegemónia,1,6,133,537,hegemonie,198,hegemonie,1,28,
217,hierarchia,3,6,130,498,hierarchie,197,hierarchie,22,28,
247,história,60,6,134,570,historie,198,historie,101,28,
,historiografia,1,6,127,444,historiografie,197,historiografie,5,27,
519,hladkosť,2,8,529,,hladkosti,,hladkost,5,119,
449,hlaveň,4,7,358,,hlavně,,hlaveň,1,104,
,hlavica,1,6,110,312,hlavice,192,hlavice,16,26,
,hĺb,1,8,224,847,hloubi,221,hloub,2,18,
678,hlúposť,22,8,544,,hlouposti,,hloupost,1,122,
,hmotnosť,1,8,542,1167,hmotnosti,238,hmotnost,87,121,
593,hodnosť,5,8,534,,hodnosti,,hodnost,1,120,
643,hodnovernosť,3,8,540,,hodnověrnosti,,hodnověrnost,1,,
611,hojnosť,5,8,537,,hojnosti,,hojnost,1,120,
277,hoľa,7,6,191,627,hole,201,hůl,8,99,
,homogénnosť,1,8,539,1115,homogennosti,237,homogennost,3,121,
,homonymia,1,6,132,531,homonymie,198,homonymie,2,28,
526,horkosť,6,8,530,,horkosti,,horkost,1,,
507,horúčosť,5,8,528,,,,,0,,
639,hospodárnosť,2,8,540,1129,hospodárnosti,238,hospodárnost,10,121,
,,,,,648,Hostivaře,201,Hostivař,1,112,
723,hotovosť,2,8,549,1288,hotovosti,239,hotovost,4,123,
99,hrádza,13,6,115,,hráze,,hráz,5,163,
21,hranica,101,6,107,224,hranice,191,hranice,110,25,
96,hrča,6,6,112,,,,,0,,
104,hrdza,6,6,115,,rzi,,rez,2,163,
726,hrsť,7,7,549,843,hrstě,211,hrst,3,123,Frequency in slovak halved to account for two different declension patterns
726,hrsť,7,8,549,843,hrstě,211,hrst,3,123,Frequency in slovak halved to account for two different declension patterns
381,hruď,23,7,240,,hrudi,,hruď,1,,
,humanizácia,1,6,123,177,humanizace,189,humanizace,2,24,
319,huňa,3,6,202,,houně,,houně,1,,
36,húsenica,2,6,108,,housenice,,housenice,1,,
,huta,5,5,216,1295,huti,240,huť,5,123,
,hybnosť,1,8,532,984,hybnosti,236,hybnost,6,119,
,hypotaxa,1,5,219,689,hypotaxe,203,hypotaxe,1,30,
,hysteréza,1,5,219,706,hystereze,204,hystereze,1,30,
,hystéria,1,6,134,555,hysterie,198,hysterie,3,28,
,identifikácia,1,6,118,24,identifikace,187,identifikace,13,23,
209,ideológia,17,6,128,464,ideologie,197,ideologie,43,27,
267,ilúzia,23,6,137,728,iluze,204,iluze,7,30,
,imitácia,1,6,121,115,imitace,188,imitace,2,24,
,,,,,371,imitance,193,imitance,6,26,
,impedancia,1,6,125,362,impedance,193,impedance,30,26,
,impulzívnosť,1,8,543,1198,impulzívnosti,238,impulzívnost,1,122,
199,India,6,6,126,435,Indie,197,Indie,11,27,
,,,,,386,indiference,194,indiference,5,26,
,indikácia,1,6,118,15,indikace,187,indikace,24,23,
,individualizácia,1,6,122,168,individualizace,189,individualizace,2,24,
,indukcia,1,6,125,354,indukce,193,indukce,5,26,
,indukčnosť,1,8,533,1020,indukčnosti,237,indukčnost,4,120,
,industrializácia,1,6,122,155,industrializace,189,industrializace,4,24,
,infekcia,1,6,124,337,infekce,193,infekce,2,26,
,inflácia,1,6,119,38,inflace,187,inflace,7,23,
123,informácia,17,6,119,61,informace,188,informace,221,23,
,informovanosť,1,8,531,968,informovanosti,236,informovanost,2,119,
,inhibícia,1,6,124,205,inhibice,190,inhibice,8,24,
,injekcia,1,6,124,339,injekce,193,injekce,3,26,
,inkarnácia,1,6,120,77,inkarnace,188,inkarnace,2,23,
,inklinácia,1,6,120,71,inklinace,188,inklinace,3,23,
,inovácia,1,6,122,144,inovace,189,inovace,17,24,
,inscenácia,1,6,119,64,inscenace,188,inscenace,25,23,
,inšpekcia,1,6,124,344,inspekce,193,inspekce,6,26,
133,inšpirácia,2,6,120,96,inspirace,188,inspirace,6,23,
,inštalácia,1,6,118,34,instalace,187,instalace,14,23,
,,,,,104,instaurace,188,instaurace,1,23,
196,inštitúcia,4,6,126,420,instituce,195,instituce,57,27,
,,,,,164,institucionalizace,189,institucionalizace,1,24,
176,inštrukcia,3,6,125,359,instrukce,193,instrukce,5,26,
,inštruktáž,1,7,725,743,instruktáže,204,instruktáž,5,163,
132,integrácia,5,6,120,92,integrace,188,integrace,31,23,
184,inteligencia,17,6,125,380,inteligence,194,inteligence,74,26,
,intencia,1,6,126,392,intence,194,intence,10,26,
,interakcia,1,6,124,333,interakce,193,interakce,34,26,
,,,,,692,interkonexe,203,interkonexe,1,30,
,internácia,1,6,120,78,internace,188,internace,1,23,
,interpolácia,1,6,119,42,interpolace,188,interpolace,17,23,
139,interpretácia,7,6,121,110,interpretace,188,interpretace,64,24,
,interpunkcia,1,6,125,351,interpunkce,193,interpunkce,3,26,
190,intervencia,2,6,126,,intervence,,intervence,1,27,
,intonácia,1,6,120,76,intonace,188,intonace,5,23,
159,intuícia,2,6,124,,intuice,,intuice,1,26,
,invázia,1,6,137,695,invaze,204,invaze,1,30,
,invencia,1,6,126,399,invence,194,invence,4,27,
,inventarizácia,1,6,123,187,inventarizace,189,inventarizace,16,24,
,inverzia,1,6,137,723,inverze,204,inverze,13,30,
158,investícia,2,6,124,309,investice,192,investice,50,26,
,ionizácia,1,6,123,179,ionizace,189,ionizace,12,24,
236,irónia,9,6,133,540,ironie,198,ironie,3,28,
,Itália,1,6,130,508,Itálie,197,Itálie,22,28,
7,izbica,2,6,106,,,,,0,,
,izolácia,1,6,119,43,izolace,188,izolace,35,23,
,izoméria,1,6,134,552,izomerie,198,izomerie,3,28,
,izomorfia,1,6,128,456,izomorfie,197,izomorfie,1,27,
,izostáza,1,5,219,694,izostaze,204,izostaze,1,30,
460,jabloň,18,7,358,,jabloně,,jabloň,1,104,
84,jalovica,6,6,110,,jalovice,,jalovice,1,26,
5,jarabica,2,6,106,,,,,0,,
,,,,,654,Jaroměře,202,Jaroměř,5,112,
328,jaskyňa,15,6,203,822,jeskyně,210,jeskyně,3,35,
647,jasnosť,9,8,541,1146,jasnosti,238,jasnost,1,121,
63,jašterica,2,6,110,,ještěřice,,ještěřice,1,,Genitive not in dictionary - consulted native speaker instead
422,jedáleň,7,7,357,,jídelny,,jídelna,9,11,
,jednostrannosť,1,8,539,1109,jednostrannosti,237,jednostrannost,3,121,
,jednotnosť,1,8,542,1168,jednotnosti,238,jednotnost,17,121,
,jemnosť,1,8,539,1103,jemnosti,237,jemnost,2,121,
445,jeseň,54,7,358,,jeseně,,jeseň,1,,
256,Juhoslávia,8,6,136,591,Jugoslávie,198,Jugoslávie,4,28,
8,kačica,15,6,106,,kačice,,kačice,1,,
,kalkulácia,1,6,119,47,kalkulace,188,kalkulace,9,23,
,kalokagatia,1,6,136,496,kalokagathie,197,kalokagathie,1,28,
757,kaluž,8,8,725,770,kaluže,205,kaluž,3,163,
241,kalvária,7,6,134,,kalvárie,,kalvárie,1,,
,kamélia,1,6,130,509,kamélie,197,kamélie,1,28,
,kamenica,1,6,108,248,Kamenice,191,Kamenice,4,25,
414,kampaň,13,7,356,784,kampaně,208,kampaň,10,104,
,kamzica,1,6,111,318,kamzice,192,kamzice,5,26,
,kanalizácia,1,6,122,162,kanalizace,189,kanalizace,13,24,
238,kancelária,25,6,134,649,kanceláře,202,kancelář,23,112,
,kanoe,1,0,271,647,kánoe,201,kánoe,1,29,
,,,,,635,kaple,201,kaple,6,29,
,,,,,418,kapuce,195,kapuce,1,27,
,karoséia,1,6,134,564,karosérie,198,karosérie,66,28,
333,kaša,32,6,208,672,kaše,203,kaše,14,30,
438,kasáreň,13,7,358,,kasárny,,kasárna,1,,
,katalogizácia,1,6,122,149,katalogizace,189,katalogizace,2,24,
246,kategória,32,6,134,569,kategorie,198,kategorie,147,28,
427,kaviareň,20,7,357,,kavárny,,kavárna,9,11,
43,kazateľnica,2,6,108,,kazatelnice,,kazatelnica,1,,
453,kázeň,8,7,358,826,kázně,210,kázeň,24,104,
,kinematografia,1,6,127,451,kinematografie,197,kinematografie,8,27,
114,klasifikácia,5,6,118,22,klasifikace,187,klasifikace,29,23,
,klauza,1,5,221,727,klauze,204,klauze,22,30,
,,,,,227,klekánice,191,klekánice,1,25,
,klenotnica,1,6,109,280,klenotnice,191,klenotnice,2,25,
,klimatizácia,1,6,123,191,klimatizace,189,klimatizace,6,24,
,Kluž,1,4,725,771,Kluže,205,Kluž,2,163,
,,,,,670,Kněževse,203,Kněževes,2,113,
58,knižnica,9,6,110,292,knižnice,191,knižnice,6,25,
155,koalícia,2,6,124,218,koalice,190,koalice,2,25,
412,Kodaň,3,7,356,,Kodaně,,Kodaň,2,104,
,kodifikácia,1,6,118,17,kodifikace,187,kodifikace,11,23,
,,,,,966,kodifikovanosti,236,kodifikovanost,4,119,
,koexistencia,1,6,126,395,koexistence,194,koexistence,2,26,
395,koľaj,20,7,290,608,koleje,199,kolej,25,90,
395,koľaj,20,7,290,608,koleje,199,koleje,23,29,
38,koľajnica,6,6,108,252,kolejnice,191,kolejnice,3,25,
324,kolegyňa,4,6,203,,kolegyně,,kolegyně,1,35,
,kolekcia,1,6,124,343,kolekce,193,kolekce,16,26,
,kolektívnosť,1,8,543,1197,kolektivnosti,238,kolektivnost,3,122,
,kolmica,1,6,107,223,kolmice,191,kolmice,12,25,
310,kôlňa,2,6,202,,kůlny,,kůlna,1,11,
234,kolónia,16,6,133,536,kolonie,198,kolonie,6,28,
,kolonizácia,1,6,123,181,kolonizace,189,kolonizace,4,24,
,Kolumbia,1,6,117,426,Kolumbie,197,Kolumbie,1,27,
125,kombinácia,9,6,119,66,kombinace,188,kombinace,31,23,
198,komédia,14,6,126,431,komedie,197,komedie,7,27,
,komercializácia,1,6,122,154,komercializace,189,komercializace,1,24,
251,komisia,29,6,136,666,komise,203,komise,165,30,
,kompetencia,1,6,126,391,kompetence,194,kompetence,6,26,
670,komplexnosť,3,8,543,1204,komplexnosti,238,komplexnost,6,122,
116,komplikácia,2,6,118,29,komplikace,187,komplikace,14,23,
161,kompozícia,8,6,124,320,kompozice,192,kompozice,5,26,
,komunikácia,1,6,118,30,komunikace,187,komunikace,80,23,
,komutácia,1,6,122,132,komutace,189,komutace,7,24,
135,koncentrácia,7,6,121,99,koncentrace,188,koncentrace,65,23,
193,koncepcia,36,6,126,404,koncepce,194,koncepce,181,27,
,konečnosť,1,8,533,1000,konečnosti,236,konečnost,1,120,
,konfekcia,1,6,124,338,konfekce,193,konfekce,3,26,
186,konferencia,21,6,126,387,konference,194,konference,89,26,
,konfigurácia,1,6,121,105,konfigurace,188,konfigurace,3,23,
,konfrontácia,1,6,121,125,konfrontace,189,konfrontace,13,24,
652,konkrétnosť,4,8,541,,konkrétnosti,,konkrétnost,3,121,
187,konkurencia,4,6,126,389,konkurence,194,konkurence,5,26,
392,konope,4,6,271,,konopí,,konopí,1,85,
,konsolidácia,1,6,117,2,konsolidace,187,konsolidace,6,23,
177,konštrukcia,16,6,125,360,konstrukce,193,konstrukce,107,26,
,kontrakcia,1,6,124,335,kontrakce,193,kontrakce,11,26,
,kontrarevolúcia,1,6,126,415,kontrarevoluce,195,kontrarevoluce,4,27,
,konvencia,1,6,126,400,konvence,194,konvence,5,27,
,konvergencia,1,6,125,381,konvergence,194,konvergence,5,26,
,konverzia,1,6,137,724,konverze,204,konverze,8,30,
,konzervatórium,1,9,324,661,konzervatoře,202,konzervatoř,5,112,
,konzultácia,1,6,121,119,konzultace,188,konzultace,5,24,
,kooperácia,1,6,120,91,kooperace,188,kooperace,20,23,
,koordinácia,1,6,120,69,koordinace,188,koordinace,19,23,
382,kopanice,4,6,240,,kopanice,,kopanice,1,,
,kópia,1,6,134,545,kopie,198,kopie,17,28,
269,kopija,3,6,138,,kopí,,kopí,1,85,
,,,,,282,Kopřivnice,191,Kopřivnice,1,25,
,koprodukcia,1,6,125,357,koprodukce,193,koprodukce,4,26,
,korelácia,1,6,119,37,korelace,187,korelace,7,23,
183,korešpondencia,2,6,125,379,korespondence,194,korespondence,6,26,
503,korisť,9,8,528,903,kořisti,235,kořist,6,119,
272,košeľa,45,6,191,623,košile,200,košile,10,29,
514,kosť,57,8,528,913,kosti,235,kost,44,119,
,,,,,845,kovohutě,212,kovohuť,2,123,
345,koža,38,6,222,772,kůže,205,kůže,66,30,
,,,,,204,krabice,190,krabice,4,24,
752,krádež,3,7,725,751,krádeže,205,krádež,10,163,
,krajnosť,1,8,537,1067,krajnosti,237,krajnost,5,120,
79,krásavica,3,6,110,,krasavice,,krasavice,1,26,
529,krátkosť,3,8,530,,krátkosti,,krátkost,3,119,
,kratochvíľa,1,6,191,625,kratochvíle,200,kratochvíle,1,29,
,kŕč,10,4,236,421,křeče,196,křeč,3,20,
,kreácia,1,6,117,5,kreace,187,kreace,4,23,
,krehkosť,1,8,530,919,křehkosti,235,křehkost,3,119,
44,Kremnica,2,6,108,,Kremnice,,Kremnica,1,,
,kritičnosť,1,8,533,1017,kritičnosti,236,kritičnost,1,120,
,krivosť,1,8,548,1273,křivosti,239,křivost,7,122,
,kríza,33,5,220,709,krize,204,krize,45,30,
,,,,,762,Kroměříže,205,Kroměříž,5,163,
397,kropaj,2,7,290,,krůpěje,,krůpěj,1,,
62,krupica,2,6,110,,krupice,,krupice,1,,
,krutosť,1,8,546,1243,krutosti,239,krutost,4,122,
,kružnica,1,6,110,294,kružnice,191,kružnice,7,25,
738,krv,141,8,562,684,krve,203,krev,62,124,
,,,,,621,krychle,200,krychle,16,29,
,kryštalografia,1,6,127,446,krystalografie,197,krystalografie,6,27,
326,kuchyňa,39,6,203,816,kuchyně,210,kuchyně,20,35,
68,kukurica,19,6,110,302,kukuřice,192,kukuřice,32,25,
127,kulminácia,2,6,120,,kulminace,,kulminace,1,,
,kultivácia,1,6,122,139,kultivace,189,kultivace,3,24,
,kúpa,10,5,204,833,koupě,210,koupě,13,35,
,kúpeľ,6,4,317,616,koupele,200,koupel,9,97,
311,kúpeľňa,12,6,202,,koupelny,,koupelna,2,11,
,kúria,1,6,135,578,kurie,198,kurie,2,28,
73,kutica,2,6,110,,,,,0,,
112,kvalifikácia,4,6,118,19,kvalifikace,187,kvalifikace,48,23,
,kvalifikovanosť,1,8,531,967,kvalifikovanosti,236,kvalifikovanost,1,119,
,,,,,194,kybernetizace,189,kybernetizace,4,24,
93,Kysuca,15,6,111,419,Kysuce,195,Kysuca,1,1,
74,kytica,18,6,110,,kytice,,kytice,2,26,
,laboratórium,4,9,324,659,laboratoře,202,laboratoř,52,112,
,,,,,680,láhve,203,láhev,14,124,
621,ľahkomyselnosť,2,8,538,1099,lehkomyslnosti,237,lehkomyslnost,2,121,
521,ľahkosť,2,8,530,,lehkosti,,lehkost,1,,
609,ľahostajnosť,7,8,537,1070,lhostejnosti,237,lhostejnost,5,120,
218,ľalia,5,6,130,511,lilie,197,lilie,1,28,
701,láskavosť,3,8,546,,laskavosti,,laskavost,1,,
,lata,4,5,208,834,latě,210,lať,10,123,
,,,,,436,latifundie,197,latifundie,1,27,
77,lavica,7,6,110,,lavice,,lavice,4,26,
,,,,,827,lázně,210,lázně,23,35,
,,,,,950,ledabylosti,236,ledabylost,1,119,
,légia,1,6,128,457,legie,197,legie,3,27,
434,lekáreň,4,7,357,,lékárny,,lékárna,2,11,
,lekcia,1,6,124,341,lekce,193,lekce,10,26,
,leukoplakia,1,6,130,499,leukoplakie,197,leukoplakie,1,28,
,levanduľa,1,6,191,640,levandule,201,levandule,1,29,
,levica,1,6,110,315,lvice,192,lvice,9,26,
95,Levoča,6,6,112,424,Levoče,196,Levoča,1,1,
,lexikografia,1,6,127,445,lexikografie,197,lexikografie,1,27,
,lexikológia,1,6,129,478,lexikologie,197,lexikologie,6,28,
,,,,,788,Libně,209,Libeň,8,104,
,liberalizácia,1,6,122,165,liberalizace,189,liberalizace,2,24,
,,,,,402,Liboce,194,Liboc,2,20,
,,,,,809,Libuně,210,Libuň,2,104,
,licencia,1,6,125,375,licence,193,licence,1,26,
,licitácia,1,6,121,111,licitace,188,licitace,1,24,
108,likvidácia,6,6,117,3,likvidace,187,likvidace,14,23,
,,,,,184,linearizace,189,linearizace,4,24,
232,línia,29,6,132,534,linie,198,linie,49,28,
,Lipnica,1,6,108,263,lipnice,191,lipnice,4,25,
,literárnosť,1,8,540,1131,literárnosti,238,literárnost,2,121,
,,,,,637,Litomyšle,201,Litomyšl,4,99,
,liturgia,1,6,130,495,liturgie,197,liturgie,5,28,
379,loď,53,7,240,779,lodě,208,loď,26,23,multiple G
379,loď,53,7,240,865,lodi,227,loď,26,23,multiple G
,Lodž,1,7,240,748,Lodže,205,Lodž,1,163,
,lokácia,1,6,118,32,lokace,187,lokace,1,23,
,lokalizácia,1,6,122,156,lokalizace,189,lokalizace,16,24,
,Lomnica,1,6,108,262,Lomnice,191,Lomnice,2,25,
,lotéria,1,6,134,554,loterie,198,loterie,2,28,
755,lož,19,8,725,,lži,,lež,7,163,
346,lóža,2,6,222,,lóže,,lóže,1,,
,ľúbosť,1,8,528,907,libosti,235,libost,1,119,
,ľudovosť,1,8,548,1281,lidovosti,239,lidovost,3,123,
527,ľudskosť,10,8,530,922,lidskosti,235,lidskost,23,119,
,lúpež,1,7,125,753,loupeže,205,loupež,3,163,
697,ľútosť,26,8,546,,lítosti,,lítost,1,,
,,,,,293,Lužnice,191,Lužnice,6,25,
350,Lyža,6,6,222,774,lyže,205,lyže,4,30,
90,lyžica,17,6,111,329,lžíce,192,lžíce,5,26,
206,mágia,3,6,128,,magie,,magie,1,,
523,mäkkosť,5,8,530,,měkkosti,,měkkost,1,,
83,makovica,2,6,110,,makovice,,makovice,2,26,
641,malichernosť,3,8,540,,malichernosti,,malichernost,1,,
518,maličkosť,15,8,529,,maličkosti,,maličkost,4,119,
,malomyseľnosť,1,8,538,1100,malomyslnosti,237,malomyslnost,1,121,
292,Maňa,3,6,201,,Máni,,Máňa,1,,
753,manéž,2,7,725,,manéže,,manéž,1,,
229,mánia,4,6,132,,mánie,,mánie,1,,
,manifestácia,1,6,121,131,manifestace,189,manifestace,8,24,
,manipulácia,1,6,119,52,manipulace,188,manipulace,20,23,
287,marhuľa,4,6,191,,mahule,,marhule,1,,
239,Mária,22,6,134,549,Marie,198,Marie,21,28,
336,Mariša,10,6,208,,Maryši,,Maryša,1,,
,masáž,1,7,725,739,masáže,204,masáž,10,163,
,mašinéria,1,6,134,562,mašinérie,198,mašinérie,3,28,
281,mašľa,4,6,191,,mašle,,mašle,1,,
493,masť,9,8,527,,masti,,mast,1,,
401,maštaľ,30,7,317,,maštale,,maštal,1,,
462,mater,71,7,394,,mateře,,máteř,1,,
244,matéria,2,6,134,,matérie,,matérie,1,28,
,matica,1,6,110,305,matice,192,matice,55,26,
,mechanizácia,1,6,123,176,mechanizace,189,mechanizace,16,24,
371,meď,6,8,240,861,mědi,227,měď,24,23,
,medaila,3,5,189,622,medaile,200,medaile,15,29,
100,medza,23,6,115,700,meze,204,mez,25,163,
,,,,,504,megaanomálie,197,megaanomálie,1,28,
223,melanchólia,2,6,130,513,melancholie,198,melancholie,1,28,
,meliorácia,1,6,120,97,meliorace,188,meliorace,23,23,
200,melódia,16,6,127,437,melodie,197,melodie,15,27,
,menejcennosť,1,8,539,1112,méněcennosti,237,méněcennost,2,121,
,metalurgia,1,6,130,493,metalurgie,197,metalurgie,2,28,
16,metelica,3,6,107,,metelice,,metelice,1,,
,metodológia,1,6,128,463,metodologie,197,metodologie,35,27,
,metráž,1,7,725,736,metráže,204,metráž,1,163,
,metropola,8,5,190,631,metropole,201,metropole,4,29,
,Mezopotámia,1,6,131,515,Mezopotámie,198,Mezopotámie,6,28,
656,miestnosť,29,8,542,1175,místnosti,238,místnost,69,121,
40,mihalnica,3,6,108,,,,,0,,
,,,,,546,mikrokopie,198,mikrokopie,1,28,
274,míľa,16,6,191,,míle,,míle,2,29,
,milícia,1,6,124,220,milice,190,milice,11,25,
548,milosť,10,8,530,941,milosti,236,milost,5,119,
,mimoriadnosť,1,8,534,1027,mimořádnosti,237,mimořádnost,4,120,
91,minca,13,6,111,401,mince,194,mince,11,27,
,minimalizácia,1,6,122,158,minimalizace,189,minimalizace,10,24,
553,minulosť,104,8,531,948,minulosti,236,minulost,87,119,
,misia,1,6,136,582,misie,198,misie,1,28,
,mitochondria,1,6,134,551,mitochondrie,198,mitochondrie,3,28,
751,mládež,41,7,725,750,mládeže,205,mládež,163,163,
509,mladosť,34,8,528,,mladosti,,mladost,1,119,
,mlčanlivosť,1,8,547,1262,mlčenlivosti,239,mlčenlivost,1,122,
433,mliekáreň,2,7,357,,mlékárny,,mlékárna,3,11,
,,,,,1058,mluvenosti,237,mluvenost,11,120,
,,,,,288,mluvnice,191,mluvnice,32,25,
511,mnohosť,2,8,528,,mnohosti,,mnohost,1,119,
,mnohoznačnosť,1,8,532,996,mnohoznačnosti,236,mnohoznačnost,2,120,
144,mobilizácia,5,6,122,,mobilizace,,mobilizace,3,24,
355,moc,154,8,232,849,moci,226,moc,43,20,
572,mocnosť,11,8,532,990,mocnosti,236,mocnost,6,120,
,modernizácia,1,6,123,182,modernizace,189,modernizace,19,24,
,modifikácia,1,6,118,18,modifikace,187,modifikace,13,23,
659,mohutnosť,2,8,542,1179,mohutnosti,238,mohutnost,3,122,
,Moldávia,1,6,136,589,Moldávie,198,Moldávie,1,28,
,monarchia,1,6,130,497,monarchie,197,monarchie,7,28,
,monografia,1,6,127,448,monografie,197,monografie,6,27,
,montáž,1,7,725,745,montáže,205,montáž,20,163,
,morfológia,1,6,128,468,morfologie,197,morfologie,16,27,
,mosadz,1,7,240,1302,mosazi,241,mosaz,3,163,
,motivácia,1,6,122,141,motivace,189,motivace,69,24,
,,,,,974,motivovanosti,236,motivovanost,1,119,
673,možnosť,136,8,544,1217,možnosti,239,možnost,371,122,
,mravnosť,1,8,542,1184,mravnosti,238,mravnost,10,122,
343,mreža,14,6,222,763,mříže,205,mříž,7,163,
,mrkva,6,5,218,682,mrkve,203,mrkev,4,124,
696,mrzutosť,3,8,546,,mrzutosti,,mrzutost,1,,
425,mučiareň,2,7,357,,mučírny,,mučírna,1,,
680,múdrosť,8,8,544,1223,moudrosti,239,moudrost,3,122,
,múmia,1,6,132,529,mumie,198,mumie,2,28,
,munícia,1,6,124,281,munice,191,munice,3,25,
282,mušľa,5,6,191,,mušle,,mušle,1,29,
675,mužnosť,2,8,544,,mužnosti,,mužnost,1,122,
,,,,,440,mykogeografie,197,mykogeografie,1,27,
,mykológia,1,6,129,479,mykologie,197,mykologie,2,28,
404,myseľ,119,7,317,870,mysli,229,mysl,36,99,
,,,,,1265,myslivosti,239,myslivost,4,122,
,mystifikácia,1,6,118,25,mystifikace,187,mystifikace,2,23,
,mytológia,1,6,129,491,mytologie,197,mytologie,1,28,
,nadbytočnosť,1,8,534,1005,nadbytečnosti,236,nadbytečnost,1,120,
400,nádej,89,7,291,610,naděje,199,naděje,33,29,
,nadpráca,1,6,106,200,nadpráce,190,nadpráce,11,24,
,nadriadenosť,1,8,535,1060,nadřízenosti,237,nadřízenost,1,120,
756,nádrž,11,7,725,768,nádrže,205,nádrž,19,163,
,náklonnosť,1,8,539,1123,náklonnosti,238,náklonnost,3,121,
,náladovosť,1,8,548,1280,náladovosti,239,náladovost,1,123,
690,náležitosť,2,8,545,1237,náležitosti,239,náležitost,17,122,
,nálož,1,7,725,767,nálože,205,nálož,1,163,
,napätosť,1,8,544,1227,napjatosti,239,napjatost,2,122,
459,náplň,5,7,358,801,náplně,210,náplň,29,104,
,náročnosť,1,8,533,1022,náročnosti,237,náročnost,36,120,
596,národnosť,22,8,534,1040,národnosti,237,národnost,9,120,
367,náruč,6,7,236,,náruče,,náruč,1,,
720,náruživosť,2,8,548,,náruživosti,,náruživost,1,,
,nasiakavosť,1,8,546,1246,nasákavosti,239,nasákavost,4,122,
,násilnosť,1,8,538,1091,násilnosti,237,násilnost,2,121,
,nasýtenosť,1,8,536,1046,nasycenosti,237,nasycenost,2,120,
220,naturália,2,6,130,,naturálie,,naturálie,1,,
,,,,,1207,návaznosti,239,návaznost,16,122,
,návštevnosť,1,8,543,1190,návštěvnosti,238,návštěvnost,4,122,
,názornosť,1,8,540,1139,názornosti,238,názornost,7,121,
735,nechuť,5,8,549,,nechuti,,nechuť,1,123,
,nečinnosť,1,8,539,1118,nečinnosti,238,nečinnost,2,121,
,necitlivosť,1,8,547,1267,necitlivosti,239,necitlivost,1,122,
533,nedbalosť,2,8,530,,nedbalosti,,nedbalost,3,119,
271,nedeľa,78,6,191,620,neděle,200,neděle,44,29,
700,nedočkavosť,3,8,546,,nedočkavosti,,nedočkavost,1,,
,nedokonalosť,1,8,530,927,nedokonalosti,235,nedokonalost,3,119,
623,nedotknuteľnosť,2,8,539,1089,nedotknutelnosti,237,nedotknutelnost,1,121,
,,,,,1086,neeliminovatelnosti,237,neeliminovatelnost,1,121,
,negácia,1,6,117,9,negace,187,negace,4,23,
,nehodovosť,1,8,548,1282,nehodovosti,239,nehodovost,1,123,
,nehospodárnosť,1,8,540,1130,nehospodárnosti,238,nehospodárnost,1,121,
,nehumánnosť,1,8,539,1110,nehumánnosti,237,nehumánnost,1,121,
567,nehybnosť,6,8,532,,nehybnosti,,nehybnost,1,119,
,nejasnosť,1,8,541,1147,nejasnosti,238,nejasnost,11,121,
,nejednotnosť,1,8,542,1169,nejednotnosti,238,nejednotnost,1,121,
580,nekonečnosť,2,8,533,,nekonečnosti,,nekonečnost,2,120,
630,nemennosť,2,8,539,,neměnnosti,,neměnnost,1,121,
356,nemoc,8,8,232,850,nemoci,226,nemoc,38,20,
25,nemocnica,41,6,107,231,nemocnice,191,nemocnice,15,25,
,nemocnosť,1,8,532,991,nemocnosti,236,nemocnost,7,120,
575,nemohúcnosť,3,8,532,,nemohoucnosti,,nemohoucnost,1,,
,nemovitosť,1,8,545,1236,nemovitosti,239,nemovitost,5,122,
674,nemožnosť,9,8,544,,nemožnosti,,nemožnost,4,122,
663,nemravnosť,2,8,542,,nemravnosti,,nemravnost,1,,
504,nenávisť,34,8,528,904,nenávisti,235,nenávist,6,119,
,,,,,1073,neoficiálnosti,237,neoficiálnost,1,120,
,neomylnosť,1,8,538,1102,neomylnosti,237,neomylnost,1,121,
475,nepamäť,2,8,495,884,nepaměti,235,nepaměť,1,123,
,,,,,1009,neperiodičnosti,236,neperiodičnost,1,120,
,,,,,1158,neplatnosti,238,neplatnost,4,121,
,nepravidelnosť,1,8,537,1081,nepravidelnosti,237,nepravidelnost,6,121,
649,nepresnosť,4,8,541,1149,nepřesnosti,238,nepřesnost,3,121,
,nepriazeň,1,7,358,829,nepřízně,210,nepřízeň,1,104,
625,nepríjemnosť,2,8,539,,nepříjemnosti,,nepříjemnost,5,121,
,neprípustnosť,1,8,542,1177,nepřípustnosti,238,nepřípustnost,1,121,
,neprítomnosť,1,8,539,1108,nepřítomnosti,237,nepřítomnost,10,121,
,nereálnosť,1,8,537,1072,nereálnosti,237,nereálnost,1,120,
,neredukovateľnosť,1,8,538,1085,neredukovatelnosti,237,neredukovatelnost,1,121,
,neresť,1,8,528,899,neřesti,235,neřest,1,119,
,nerovnosť,1,8,543,1203,nerovnosti,238,nerovnost,8,122,
595,nerozhodnosť,2,8,534,1038,nerozhodnosti,237,nerozhodnost,4,120,
637,neschopnosť,2,8,540,1126,neschopnosti,238,neschopnost,14,121,
,,,,,698,nesnáze,204,nesnáz,8,163,
,,,,,757,nesoutěže,205,nesoutěž,1,163,
703,nespavosť,2,8,546,,nespavosti,,nespavost,1,,
,,,,,1229,nespojitosti,239,nespojitost,4,122,
,,,,,1050,nespokojenosti,237,nespokojenost,6,120,
613,nespokojnosť,6,8,537,,,,,,,
,,,,,1078,nespravedlnosti,237,nespravedlnost,1,120,
,nesprávnosť,1,8,543,1187,nesprávnosti,238,nesprávnost,2,122,
711,nespravodlivosť,2,8,547,,,,,0,,
540,nestálosť,2,8,530,,nestálosti,,nestálost,1,119,
,,,,,911,nestejnorodosti,235,nestejnorodost,2,119,
,nesúmernosť,1,8,540,1134,nesouměrnosti,238,nesouměrnost,2,121,
,,,,,577,nesymetrie,198,nesymetrie,5,28,
,netečnosť,1,8,533,1003,netečnosti,236,netečnost,1,120,
716,netrpezlivosť,2,8,547,,netrpělivosti,,netrpělivost,1,122,
,,,,,476,neurofyziologie,197,neurofyziologie,2,28,
,,,,,1069,neveřejnosti,237,neveřejnost,1,120,
634,nevinnosť,6,8,539,,nevinnosti,,nevinnost,1,,
279,nevoľa,3,6,191,,nevole,,nevole,2,29,
,nevoľnosť,1,8,539,1095,nevolnosti,237,nevolnost,2,121,
622,nevyčerpateľnosť,2,8,538,,nevyčerpatelnosti,,nevyčerpatelnost,1,,
661,nevyhnutnosť,22,8,542,,,,,0,,
560,nezamestnanosť,4,8,531,960,nezaměstnanosti,236,nezaměstnanost,8,119,
551,nezávislosť,3,8,531,945,nezávislosti,236,nezávislost,12,119,
,nezbytnosť,1,8,542,1181,nezbytnosti,238,nezbytnost,8,122,
538,neznalosť,3,8,530,930,neznalosti,235,neznalost,6,119,
,neznášanlivosť,1,8,547,1263,nesnášenlivosti,239,nesnášenlivost,3,122,
672,nežnosť,4,8,544,1214,nežnosti,239,nežnost,2,122,
,nezrovnalosť,1,8,530,928,nesrovnalosti,235,nesrovnalost,1,119,
482,niť,14,7,512,,niti,,nit,1,,
482,niť,14,7,512,,nitě,,nit,1,,
,níž,1,7,725,760,níže,205,níže,11,30,
361,noc,433,8,232,857,noci,226,noc,55,20,
,,,,,348,nonfikce,193,nonfikce,2,26,
,normalizácia,1,6,122,161,normalizace,189,normalizace,10,24,
,Normandia,1,6,126,434,Normandie,197,Normandie,3,27,
339,noša,2,6,208,,nůše,,nůše,1,,
207,nostalgia,4,6,128,459,nostalgie,197,nostalgie,1,27,
,novelizácia,1,6,122,170,novelizace,189,novelizace,4,24,
722,novosť,2,8,548,1287,novosti,239,novost,5,123,
105,núdza,4,6,115,,nouze,,nouze,4,30,
,nutácia,1,6,122,133,nutace,189,nutace,4,24,
660,nutnosť,2,8,542,1180,nutnosti,238,nutnost,55,122,
352,obec,48,7,225,202,obce,190,obec,97,18,
,obecnosť,1,8,532,988,obecnosti,236,obecnost,8,120,
476,obeť,42,7,496,881,oběti,235,oběť,13,123,
705,obetavosť,5,8,547,1250,obětavosti,239,obětavost,11,122,
57,obežnica,3,6,109,,oběžnice,,oběžnice,1,,
,objektivácia,1,6,122,138,objektivace,189,objektivace,1,24,
,objektivizácia,1,6,124,197,objektivizace,189,objektivizace,2,24,
,oblačnosť,1,8,532,995,oblačnosti,236,oblačnost,29,120,
490,oblasť,138,8,527,891,oblasti,235,oblast,685,119,
393,obličaj,3,7,290,,obličeje,,obličej,22,90,
598,obludnosť,2,8,534,,obludnosti,,obludnost,1,,
599,obmedzenosť,2,8,535,1059,omezenosti,237,omezenost,8,120,
,obranyschopnosť,1,8,540,1127,obranyschopnosti,238,obranyschopnost,2,121,
,obratnosť,1,8,541,1159,obratnosti,238,obratnost,3,121,
441,obrazáreň,2,7,358,,obrazárny,,obrazárna,1,,
644,obrazotvornosť,6,8,540,,obrazotvornosti,,obrazotvornost,1,,
368,obruč,5,7,236,,obruče,,obruč,1,,
,observácia,1,6,122,145,observace,189,observace,2,24,
,observatórium,1,9,324,660,observatoře,202,observatoř,8,112,
,obťažnosť,1,8,544,1215,obtížnosti,239,obtížnost,5,122,
,,,,,764,obtíže,205,obtíž,30,163,
739,obuv,3,8,562,1301,obuvi,241,obuv,47,125,
394,obyčaj,12,7,290,,obyčeje,,obyčej,1,90,
402,oceľ,13,7,317,614,ocele,200,ocel,47,97,multiple G
402,oceľ,13,7,317,868,oceli,229,ocel,47,97,multiple G
,odbornosť,1,8,540,1136,odbornosti,238,odbornost,8,121,
,odlišnosť,1,8,541,1153,odlišnosti,238,odlišnost,10,121,
376,odpoveď,86,7,240,863,odpovědi,227,odpověď,82,23,
,,,,,1033,odpovědnosti,237,odpovědnost,62,120,
33,okenica,2,6,108,,okenice,,okenice,2,???????,
618,okolnosť,62,8,538,1093,okolnosti,237,okolnost,71,121,
128,okupácia,2,6,120,81,okupace,188,okupace,13,23,
,Olomouc,1,4,232,417,Olomouce,195,Olomouc,23,20,
,olša,1,6,208,675,olše,203,olše,2,30,
338,omša,4,6,208,,mše,,mše,1,,
,ontogenéza,1,5,219,704,ontogeneze,204,ontogeneze,3,30,
213,ontológia,2,6,129,489,ontologie,197,ontologie,8,28,
,opakovateľnosť,1,8,538,1084,opakovatelnosti,237,opakovatelnost,2,121,
,opatrnosť,1,8,541,1141,opatrnosti,238,opatrnost,10,121,
131,operácia,37,6,120,90,operace,188,operace,59,23,
,operatívnosť,1,8,543,1191,operativnosti,238,operativnost,1,122,
60,opica,9,6,110,297,opice,191,opice,4,25,
162,opozícia,12,6,124,322,opozice,192,opozice,4,26,
,optimalizácia,1,6,122,159,optimalizace,189,optimalizace,3,24,
126,ordinácia,2,6,120,68,ordinace,188,ordinace,4,23,
147,organizácia,121,6,123,175,organizace,189,organizace,590,24,
561,organizovanosť,4,8,532,975,organizovanosti,236,organizovanost,4,119,
142,orientácia,12,6,121,120,orientace,188,orientace,60,24,
,ornica,1,6,109,269,ornice,191,ornice,4,25,
,ortodoxnosť,1,8,543,1205,ortodoxnosti,239,ortodoxnost,1,122,
,ortoepia,1,6,133,544,ortoepie,198,ortoepie,2,28,
,ortuť,1,8,551,1299,rtuti,240,rtuť,7,123,
544,osamelosť,2,8,530,,osamělosti,,osamělost,1,,
603,osamotenosť,2,8,536,,,,,0,,
,oscilácia,1,6,119,39,oscilace,187,oscilace,3,23,
,,,,,1014,oscilatoričnosti,236,oscilatoričnost,1,120,
565,osobnosť,18,8,532,982,osobnosti,236,osobnost,117,119,
689,ostražitosť,5,8,545,,ostražitosti,,ostražitost,1,,
,,,,,655,Ostroměře,202,Ostroměř,3,112,
,,,,,755,otěže,205,otěže,1,30,
,,,,,951,otylosti,236,otylost,1,119,
,,,,,143,ovace,189,ovace,2,24,
14,palica,26,6,106,,palice,,palice,1,,
474,pamäť,55,8,495,883,paměti,235,paměť,21,123,
594,pamätihodnosť,2,8,534,,pamětihodnosti,,pamětihodnost,1,,
,panva,7,5,218,683,pánve,203,pánev,11,124,
97,papuča,2,6,112,,papuče,,papuče,1,,
97,papuča,2,6,112,,papuče,,papuč,1,,
288,papuľa,13,6,191,,papuly,,papula,1,,
288,papuľa,13,6,191,,papule,,papule,1,,
,parfuméria,1,6,134,560,parfumérie,198,parfumérie,2,28,
,Paríž,53,4,725,761,Paříže,205,Paříž,36,163,
201,paródia,2,6,127,,parodie,,parodie,1,27,
254,partia,9,6,136,586,partie,198,partie,17,28,
335,paša,21,6,208,,paše,,paše,1,,
748,pasáž,3,7,725,740,pasáže,204,pasáž,3,163,
92,pasca,4,6,111,893,pasti,235,past,1,119,
,,,,,272,pásnice,191,pásnice,1,25,
496,päsť,43,7,527,,pěsti,,pěst,3,119,
496,päsť,43,7,527,,pěstě,,pěst,3,119,
,páter,1,7,394,653,páteře,202,páteř,7,112,
,patológia,1,6,129,487,patologie,197,patologie,1,28,
28,päťročnica,6,6,107,,,,,0,,
483,pažiť,6,7,526,,pažitu,,pažit,1,117,
704,pažravosť,2,8,547,,,,,0,,
353,pec,70,7,229,203,pece,190,pec,7,19,
353,pec,70,7,229,203,Pece,190,Pec,2,19,
469,pečať,8,7,425,,pečeti,,pečeť,2,123,
469,pečať,8,7,425,,pečetě,,pečeť,2,123,
,,,,,423,péče,196,péče,183,27,
435,pekáreň,2,7,357,,pekárny,,pekárna,2,11,
265,penzia,3,6,137,,penze,,penze,1,,choosing the <z> spelling because it seems to be preferred by the czech reverse dictionary
,percepcia,1,6,126,405,percepce,194,percepce,2,27,
,percipitácia,1,6,121,117,precipitace,188,precipitace,5,24,
242,periféria,2,6,134,557,periférie,198,periférie,4,28,
,periodizácia,1,6,122,148,periodizace,189,periodizace,9,24,
,perleť,1,7,502,880,perleti,235,perleť,2,123,
,pernica,1,6,109,267,pernice,191,pernice,2,25,
,,,,,629,Persepole,201,Persepole,1,29,
,perzekúcia,1,6,126,413,perzekuce,195,perzekuce,2,27,
,Perzia,1,6,137,583,Persie,198,Persie,2,28,
,pestrosť,1,8,544,1225,pestrosti,239,pestrost,25,122,
,petícia,1,6,124,306,petice,192,petice,1,26,
,petrochémia,1,6,131,519,petrochemie,198,petrochemie,3,28,
,,,,,485,petrologie,197,petrologie,2,28,
,,,,,619,petržele,200,petržel,2,98,
,,,,,824,pěvkyně,210,pěvkyně,2,35,
667,pevnosť,20,8,543,1188,pevnosti,238,pevnost,33,122,
,,,,,328,píce,192,píce,11,26,
443,pieseň,54,7,358,805,písně,210,píseň,42,104,
,pigmentácia,1,6,121,121,pigmentace,189,pigmentace,3,24,
628,písomnosť,3,8,539,,písemnosti,,písemnost,2,121,
408,pištoľ,3,7,319,,pistole,,pistole,2,29,
52,pivnica,21,6,109,,pivnice,,pivnice,1,,
1,pláca,2,6,106,,pláce,,pláce,1,,
,plachetnica,1,6,109,277,plachetnice,191,plachetnice,2,25,
512,plachosť,2,8,528,,plachosti,,plachost,1,119,
,,,,,228,Plánice,191,Plánice,2,25,
749,plantáž,4,7,725,744,plantáže,205,plantáž,3,163,
,plastičnosť,1,8,533,1018,plastičnosti,236,plastičnost,1,120,
317,platňa,10,6,202,,plotny,,plotna,2,11,
650,platnosť,27,8,541,1157,platnosti,238,platnost,35,121,
439,plaváreň,4,7,358,,plovárny,,plovárna,1,,
,plavkyňa,1,6,203,823,plavkyně,210,plavkyně,1,35,
745,pláž,3,7,724,,pláže,,pláž,6,163,
82,plechovica,2,6,110,,plechovice,,plechovice,1,,
447,pleseň,6,7,358,,plísně,,plíseň,6,104,
478,pleť,7,8,502,879,pleti,235,pleť,36,123,
,,,,,741,pletáže,204,pletáž,4,163,
619,plnosť,2,8,538,1096,plnosti,237,plnost,1,121,
,plodnica,1,6,108,241,plodnice,191,plodnice,7,25,
,plodnosť,1,8,534,1039,plodnosti,237,plodnost,2,120,
72,ploštica,4,6,110,,ploštice,,ploštice,1,,
,plsť,1,8,528,842,plstě,211,plst,3,119,multiple G
,plsť,1,8,528,905,plsti,235,plst,3,119,multiple G
484,plť,2,7,527,,plti,,plť,1,,
484,plť,2,7,527,,pltě,,plť,1,,
,plynulosť,1,8,531,949,plynulosti,236,plynulost,9,119,
457,Plzeň,3,7,358,831,Plzně,210,Plzeň,33,104,
498,počesť,9,8,527,,počesti,,počest,28,119,
655,početnosť,2,8,542,,početnosti,,početnost,1,,
418,pochodeň,2,7,356,791,pochodně,209,pochodeň,1,104,
568,pochybnosť,21,8,532,985,pochybnosti,236,pochybnost,12,120,
,poctivosť,1,8,548,1276,poctivosti,239,poctivost,5,122,
446,podjeseň,2,7,358,,podjeseně,,podjeseň,1,,
541,podlosť,4,8,530,,podlosti,,podlost,1,,
,podmienenosť,1,8,535,1063,podmíněnosti,237,podmíněnost,6,120,
454,podobizeň,2,7,358,,podobizny,,podobizna,1,,
,podobnosť,1,8,532,978,podobnosti,236,podobnost,11,119,
,podošva,2,5,218,685,podešve,203,podešev,4,124,
,podriadenosť,1,8,535,1061,podřízenosti,237,podřízenost,2,120,
564,podrobnosť,15,8,532,981,podrobnosti,236,podrobnost,16,119,
,,,,,815,podruhyně,210,podruhyně,1,35,
,podstatnosť,1,8,541,1160,podstatnosti,238,podstatnost,1,121,
,,,,,813,podúrovně,210,podúroveň,1,104,
261,poézia,68,6,137,596,poezie,199,poezie,17,28,
30,pohľadnica,5,6,107,239,pohlednice,191,pohlednice,1,25,
,pohodlnosť,1,8,537,1079,pohodlnosti,237,pohodlnost,1,120,
724,pohotovosť,5,8,549,,pohotovosti,?,pohotovost,4,123,
,pohyblivosť,1,8,547,1258,pohyblivosti,239,pohyblivost,9,122,
322,poisťovňa,2,6,202,,pojišťovny,,pojišťovna,1,12,
29,pokladnica,17,6,107,236,pokladnice,191,pokladnice,2,25,
,pokrokovosť,1,8,548,1284,pokrokovosti,239,pokrokovost,1,123,
,,,,,794,Poleně,209,Poleň,3,104,
17,polica,2,6,107,,police,,police,1,25,
156,polícia,32,6,124,,policie,,policie,7,27,
,političnosť,1,8,533,1016,političnosti,236,političnost,2,120,
362,polnoc,38,8,232,,půlnoci,,půlnoc,5,20,
85,polovica,77,6,110,,polovice,,polovice,1,,
,poludnica,1,6,108,240,polednice,191,polednice,1,25,
,polysémia,1,6,131,521,polysémie,198,polysémie,1,28,
,,,,,989,pomíjejícnosti,236,pomíjejícnost,1,120,
358,pomoc,208,8,232,852,pomoci,226,pomoc,114,20,
,pomocnica,1,6,107,232,pomocnice,191,pomocnice,1,25,
42,popolnica,2,6,108,257,popelnice,191,popelnice,4,25,
,populácia,1,6,119,53,populace,188,populace,14,23,
,popularizácia,1,6,123,186,popularizace,189,popularizace,2,24,
,porcia,1,6,126,409,porce,195,porce,3,27,
,pôrodnica,1,6,108,242,porodnice,191,porodnice,1,25,
,poslankyňa,1,6,203,820,poslankyně,210,poslankyně,5,35,
566,pôsobnosť,3,8,532,983,působnosti,236,působnost,22,119,
,pospolitosť,1,8,545,1230,pospolitosti,239,pospolitost,3,122,
405,posteľ,60,7,319,617,postele,200,postel,8,98,
638,postupnosť,2,8,540,,postupnosti,,postupnost,1,,
,potaš,1,7,410,673,potaše,203,potaš,1,115,
,potencia,1,6,126,393,potence,194,potence,2,26,
,,,,,765,potíže,205,potíž,49,163,
501,povesť,20,8,528,901,pověsti,235,pověst,23,119,
,poveternosť,1,8,540,1142,povětrnosti,238,povětrnost,6,121,
635,povinnosť,64,8,539,1121,povinnosti,238,povinnost,103,121,
419,povodeň,8,7,356,792,povodně,209,povodeň,7,104,
160,pozícia,22,6,124,319,pozice,192,pozice,38,26,
645,pozornosť,44,8,540,1140,pozornosti,238,pozornost,186,121,
,pozostalosť,1,8,530,932,pozůstalosti,236,pozůstalost,5,119,
2,práca,527,6,106,199,práce,190,práce,1612,24,
688,pracovitosť,2,8,545,1234,pracovitosti,239,pracovitost,3,122,
320,pracovňa,2,6,202,,pracovny,,pracovna,4,11,
,pracovnica,1,6,109,283,pracovnice,191,pracovnice,25,25,
18,praslica,2,6,107,,přeslice,,přeslice,1,,
562,pravdepodobnosť,10,8,532,979,pravděpodobnosti,236,pravděpodobnost,47,119,
709,pravdivosť,6,8,547,1256,pravdivosti,239,pravdivost,18,122,
78,pravica,3,6,110,313,pravice,192,pravice,4,26,
615,pravidelnosť,3,8,537,1080,pravidelnosti,237,pravidelnost,7,121,
359,právomoc,2,8,232,855,pravomoci,226,pravomoc,6,20,
740,prax,80,7,562,687,praxe,203,praxe,188,30,
,precesia,1,6,135,662,precese,202,precese,9,30,
,precíznosť,1,8,543,1209,preciznosti,239,preciznost,2,122,
304,predajňa,13,6,201,,prodejny,,prodejna,93,11,
,,,,,74,predeterminace,188,predeterminace,1,23,
,,,,,970,predeterminovanosti,236,predeterminovanost,1,119,
,predispozícia,1,6,124,324,predispozice,192,predispozice,7,26,
,predmetnosť,1,8,541,1164,předmětnosti,238,předmětnost,2,121,
591,prednosť,12,8,534,1030,přednosti,237,přednost,47,120,
,predpojatosť,1,8,544,1226,předpojatosti,239,předpojatost,1,122,
375,predpoveď,2,7,240,862,předpovědi,227,předpověď,21,23,
421,predsieň,8,7,356,799,předsíně,209,předsíň,3,104,
,predstavivosť,1,8,548,1278,představivosti,239,představivost,3,122,
,preferencia,1,6,126,384,preference,194,preference,5,26,
,prehistória,1,6,135,571,prehistorie,198,prehistorie,4,28,
,prehľadnosť,1,8,534,1028,přehlednosti,237,přehlednost,5,120,
,premenlivosť,1,8,547,1264,proměnlivosti,239,proměnlivost,3,122,
226,prémia,7,6,131,520,prémie,198,prémie,23,28,
,premrštenosť,1,8,536,1065,přemrštěnosti,237,přemrštěnost,1,120,
,preparácia,1,6,120,83,preparace,188,preparace,3,23,
648,presnosť,12,8,541,1148,přesnosti,238,přesnost,39,121,
,prestíž,1,7,725,759,prestiže,205,prestiž,8,163,
706,presvedčivosť,2,8,547,,přesvědčivosti,,přesvědčivost,3,122,
432,prevádzkáreň,2,7,357,,,,,0,,
189,prevencia,2,6,126,396,prevence,194,prevence,8,26,
451,priazeň,4,7,358,,přízně,,přízeň,3,104,
,príbuznosť,1,8,544,1210,příbuznosti,239,příbuznost,4,122,
295,pričňa,3,6,201,,,,,0,,
,,,,,778,přídě,208,příď,11,23,
,priehlbeň,1,7,356,789,prohlubně,209,prohlubeň,3,104,
494,priepasť,9,8,527,894,propasti,235,propast,4,119,
657,priepustnosť,2,8,542,,propustnosti,,propustnost,2,121,
,prijateľnosť,1,8,538,1082,přijatelnosti,237,přijatelnost,1,121,
6,prilbica,2,6,106,,,,,0,,
692,príležitosť,55,8,545,1239,příležitosti,239,příležitost,77,122,
,primeranosť,1,8,531,1052,přiměřenosti,237,přiměřenost,5,120,
464,prímes,2,8,402,871,příměsi,234,příměs,16,113,
150,primitivizácia,2,6,123,,,,,0,,
,primitívnosť,1,8,543,1193,primitivnosti,238,primitivnost,1,122,
604,pripavenosť,2,8,536,1057,připravenosti,237,připravenost,14,120,
,prípojnica,1,6,108,254,přípojnice,191,přípojnice,2,25,
,prípustnosť,1,8,542,1176,přípustnosti,238,přípustnost,10,121,
600,prirodzenosť,4,8,535,,přirozenosti,,přirozenost,1,120,
,príslušnosť,1,8,541,1155,příslušnosti,238,příslušnost,14,121,
,prístupnosť,1,8,540,1128,přístupnosti,238,přístupnost,2,121,
717,príťažlivosť,9,8,547,1270,přitažlivosti,239,přitažlivost,4,122,
,,,,,818,přítelkyně,210,přítelkyně,5,35,
629,prítomnosť,51,8,539,1107,přítomnosti,237,přítomnost,46,121,
,,,,,713,příze,204,příze,4,30,
,,,,,956,probádanosti,236,probádanost,1,119,
249,procesia,5,6,135,,procesí,,procesí,1,,
,,,,,1076,procesuálnosti,237,procesuálnost,1,120,
174,produkcia,4,6,125,355,produkce,193,produkce,66,26,
,profesia,1,6,135,663,profese,202,profese,33,30,
170,projekcia,8,6,124,340,projekce,193,projekce,7,26,
,proklamácia,1,6,119,56,proklamace,188,proklamace,2,23,
,,,,,1116,proměnnosti,237,proměnnost,1,121,
,,,,,965,proočkovanosti,236,proočkovanost,1,119,
110,propagácia,3,6,117,7,propagace,187,propagace,18,23,
,proporcia,1,6,126,410,proporce,195,proporce,2,27,
,,,,,1292,propusti,239,propust,18,123,
707,protirečivosť,2,8,547,,,,,0,,
,,,,,60,protireformace,188,protireformace,1,23,
,protohistória,1,6,135,572,protohistorie,198,protohistorie,4,28,
,,,,,471,protosociologie,197,protosociologie,1,27,
,proveniencia,1,6,125,382,provenience,194,provenience,4,26,
191,provincia,2,6,126,430,provincie,197,provincie,2,27,
117,provokácia,5,6,118,,provokace,,provokace,1,,
727,prsť,2,8,549,,prsti,,prsť,5,123,
,prúdnica,1,6,108,245,proudnice,191,proudnice,67,25,
,,,,,1206,průkaznosti,239,průkaznost,4,122,
677,pružnosť,4,8,544,1221,pružnosti,239,pružnost,4,122,
,prvotnosť,1,8,542,1171,prvotnosti,238,prvotnost,1,121,
,,,,,303,pryskyřice,192,pryskyřice,12,25,
,,,,,775,pryže,205,pryž,2,163,
37,pšenica,14,6,108,249,pšenice,191,pšenice,12,25,
,psychiatria,1,6,135,573,psychiatrie,198,psychiatrie,2,28,
210,psychológia,8,6,128,469,psychologie,197,psychologie,52,27,
,psychopatológia,1,6,129,488,psychopatologie,197,psychopatologie,1,28,
,publikácia,1,6,118,26,publikace,187,publikace,34,23,
,pudovosť,1,8,548,1283,pudovosti,239,pudovost,1,123,
733,púšť,11,8,549,844,pouště,212,poušť,3,123,
736,púť,3,7,558,1297,pouti,240,pouť,2,123,
,racionalizácia,1,6,122,163,racionalizace,189,racionalizace,27,24,
31,radnica,6,6,108,237,radnice,191,radnice,9,25,
510,radosť,180,8,528,909,radosti,235,radost,61,119,
,rafinéria,1,6,134,561,rafinérie,198,rafinérie,1,28,
,rašpľa,1,6,191,636,rašple,201,rašple,5,29,
500,ratolesť,4,8,528,,ratolesti,,ratolest,1,119,
743,raž,13,7,724,,rži,,rež,1,,
743,raž,13,8,724,,rži,,rež,1,,
166,reakcia,35,6,124,332,reakce,193,reakce,92,26,
,realizácia,1,6,122,150,realizace,189,realizace,122,24,
,reálnosť,1,8,537,1071,reálnosti,237,reálnost,6,120,
221,rebélia,2,6,130,,rebelie,,rebelie,1,,
364,reč,278,8,235,858,řeči,227,řeč,102,20,
192,recepcia,4,6,126,,recepce,,recepce,1,,
165,redakcia,31,6,124,331,redakce,193,redakce,22,26,
,redukcia,1,6,125,353,redukce,193,redukce,13,26,
,redundancia,1,6,125,363,redundance,193,redundance,3,26,
,reflexia,1,6,136,690,reflexe,203,reflexe,1,30,
,regenerácia,1,6,120,89,regenerace,188,regenerace,1,23,
,registrácia,1,6,121,100,registrace,188,registrace,10,23,
,regulácia,1,6,119,44,regulace,188,regulace,36,23,
,regularizácia,1,6,123,185,regularizace,189,regularizace,1,24,
140,rehabilitácia,2,6,121,114,rehabilitace,188,rehabilitace,6,24,
,rehoľa,1,6,191,628,řehole,201,řehole,9,29,
122,reklamácia,7,6,119,55,reklamace,188,reklamace,29,23,
,rekombinácia,1,6,119,67,rekombinace,188,rekombinace,5,23,
,rekompozícia,1,6,124,321,rekompozice,192,rekompozice,1,26,
178,rekonštrukcia,7,6,125,361,rekonstrukce,193,rekonstrukce,53,26,
109,rekreácia,9,6,117,6,rekreace,187,rekreace,10,23,
,rekultivácia,1,6,122,140,rekultivace,189,rekultivace,5,24,
134,rekvirácia,2,6,120,,,,,0,,
118,relácia,5,6,119,36,relace,187,relace,21,23,
,relaxácia,1,6,122,146,relaxace,189,relaxace,5,24,
,reminiscencia,1,6,125,376,reminiscence,194,reminiscence,1,26,
,renesancia,1,6,125,369,renesance,193,renesance,10,26,
148,reorganizácia,4,6,123,,reorganizace,,reorganizace,5,24,
,,,,,28,replikace,187,replikace,1,23,
750,reportáž,4,7,725,746,reportáže,205,reportáž,19,163,
,represália,1,6,130,507,represálie,197,represálie,2,28,
,reprezentácia,1,6,121,124,reprezentace,189,reprezentace,11,24,
175,reprodukcia,4,6,125,356,reprodukce,193,reprodukce,21,26,
,rešerš,1,7,411,676,rešerše,203,rešerše,2,30,
137,reštaurácia,3,6,121,103,restaurace,188,restaurace,31,23,
741,reťaz,22,8,723,,řetězu,,řetěz,13,163,
264,revízia,5,6,137,711,revize,204,revize,17,30,
194,revolúcia,57,6,126,414,revoluce,195,revoluce,113,27,
587,revolučnosť,2,8,534,,revolučnosti,,revolučnost,1,120,
,réžia,1,6,137,600,režie,199,režie,13,29,
195,rezolúcia,8,6,126,416,rezoluce,195,rezoluce,7,27,
,rezonancia,1,6,125,367,rezonance,193,rezonance,3,26,
290,ríbezľa,2,6,191,,,,,0,,
,riečica,1,6,106,208,Řečice,190,Řečice,1,24,
,riedkosť,1,8,529,918,řídkosti,235,řídkost,1,119,
337,ríša,27,6,208,674,říše,203,říše,60,30,
,Rodézia,1,6,137,580,Rhodesie,198,Rhodesie,2,28,
754,rohož,4,7,725,766,rohože,205,rohož,2,163,
,rola,1,5,190,632,role,201,role,118,29,
278,roľa,18,6,191,,ruly,,rula,1,,
278,roľa,18,6,191,,roly,,rola,1,,
278,roľa,18,6,191,,role,,role,1,,
,rotácia,1,6,121,129,rotace,189,rotace,19,24,
,,,,,244,Roudnice,191,Roudnice,4,25,
55,rovnica,13,6,109,287,rovnice,191,rovnice,74,25,
,rovnocennosť,1,8,539,1113,rovnocennosti,237,rovnocennost,1,121,
,rovnodennosť,1,8,539,1114,rovnodennosti,237,rovnodennost,1,121,
665,rovnoprávnosť,2,8,543,1185,rovnoprávnosti,238,rovnoprávnost,5,122,
669,rovnosť,10,8,543,1202,rovnosti,238,rovnost,8,122,
,,,,,1213,rovnovážnosti,239,rovnovážnost,4,122,
616,rozdielnosť,2,8,537,1092,rozdílnosti,237,rozdílnost,9,121,
,rozdrobenosť,1,8,535,1044,rozdrobenosti,237,rozdrobenost,3,120,
467,rozkoš,25,7,411,,rozkoše,,rozkoš,1,,
686,rozmanitosť,5,8,545,1231,rozmanitosti,239,rozmanitost,9,122,
,rozostavanosť,1,8,531,1066,rozestavěnosti,237,rozestavěnost,1,120,
,rozoznateľnosť,1,8,538,1083,rozeznatelnosti,237,rozeznatelnost,1,121,
,rozpornosť,1,8,540,1138,rozpornosti,238,rozpornost,4,121,
,rozpracovanosť,1,8,531,962,rozpracovanosti,236,rozpracovanost,6,119,
,rozrušenosť,1,8,536,1054,rozrušenosti,237,rozrušenost,1,120,
,rozťaživosť,1,8,548,1279,roztaživosti,239,roztaživost,1,123,
,roztomilosť,1,8,530,942,roztomilosti,236,roztomilost,1,119,
,rudbekia,1,6,130,500,rudbekie,197,rudbekie,1,28,
76,rukavica,14,6,110,311,rukavice,192,rukavice,12,26,
,rukoväť,1,8,495,878,rukojeti,235,rukojeť,14,123,
,,,,,873,Rusi,234,Rus,6,115,
,rúž,3,4,725,773,růže,205,růž,1,163,
348,ruža,34,6,222,773,růže,205,růže,14,30,
88,ružica,8,6,111,327,růžice,192,růžice,1,26,
547,rýchlosť,51,8,530,938,rychlosti,236,rychlost,170,119,
,rytmizácia,1,6,123,174,rytmizace,189,rytmizace,2,24,
351,ryža,11,6,222,776,rýže,205,rýže,3,30,
54,šachovnica,10,6,109,,šachovnice,,šachovnice,1,25,
,sadenica,1,6,108,250,sazenice,191,sazenice,25,25,
98,sadza,6,6,115,,saze,,saze,1,,
257,šalvia,2,6,136,,šalvěje,,šalvěj,1,,
651,samostatnosť,6,8,541,1161,samostatnosti,238,samostatnost,11,121,
556,samozrejmosť,8,8,531,,samozřejmosti,?,samozřejmost,11,119,
,,,,,601,Šanghaje,199,Šanghaj,1,89,
172,sankcia,3,6,124,349,sankce,193,sankce,9,26,
347,šarža,3,6,222,,šarže,,šarže,1,30,
167,satisfakcia,2,6,124,,satisfakce,,satisfakce,1,,
318,šatňa,3,6,202,,šatny,,šatna,7,11,
103,schôdza,19,6,115,731,schůze,204,schůze,106,30,
636,schopnosť,34,8,540,1124,schopnosti,238,schopnost,129,121,
,scintilácia,1,6,119,41,scintilace,188,scintilace,1,23,
,sebairónia,1,6,133,541,sebeironie,198,sebeironie,1,28,
,,,,,691,sebereflexe,203,sebereflexe,2,30,
,sebestačnosť,1,8,532,997,soběstačnosti,236,soběstačnost,4,120,
708,šedivosť,2,8,547,,šedivosti,,šedivost,1,,
,sekcia,1,6,124,345,sekce,193,sekce,14,26,
,sekvencia,1,6,126,398,sekvence,194,sekvence,7,27,
,selekcia,1,6,124,342,selekce,193,selekce,7,26,
,selektívnosť,1,8,543,1196,selektivnosti,238,selektivnost,3,122,
,semaziológia,1,6,128,474,sémaziologie,197,sémaziologie,1,28,
,semiológia,1,6,128,472,sémiologie,197,sémiologie,2,28,
35,Senica,3,6,108,,,,,0,,
151,senzácia,5,6,124,,senzace,,senzace,1,24,
373,Sereď,2,7,240,,,,,0,,
,séria,1,6,134,563,série,198,série,37,28,
,šešuľa,1,6,191,644,šešule,201,šešule,1,29,
32,šibenica,6,6,108,,šibenice,,šibenice,1,,
,Sibír,1,4,397,657,Sibiře,202,Sibiř,4,112,
420,sieň,23,7,356,798,síně,209,síň,28,104,
477,sieť,39,7,499,839,sítě,211,síť,185,123,
270,šija,9,6,138,,šíje,,šíje,4,29,
,siláž,1,7,724,733,siláže,204,siláž,11,163,
,,,,,259,silnice,191,silnice,100,25,
,simplifikácia,1,6,118,20,simplifikace,187,simplifikace,1,23,
,simulácia,1,6,119,48,simulace,188,simulace,2,23,
,,,,,658,šíře,202,šíře,15,30,
143,situácia,125,6,122,135,situace,189,situace,301,24,
,,,,,1192,situativnosti,238,situativnost,1,122,
13,skalica,2,6,106,217,Skalice,190,Skalice,16,25,
13,skalica,2,6,106,217,skalice,190,skalice,1,25,
,Škandinávia,1,6,136,592,Skandinávie,199,Skandinávie,4,28,
,skepsa,2,5,207,668,skepse,203,skepse,8,30,
,sklenica,1,6,108,247,sklenice,191,sklenice,3,25,
,,,,,828,sklizně,210,sklizeň,83,104,
,sklovitosť,1,8,545,1235,sklovitosti,239,sklovitost,2,122,
,škodlivosť,1,8,547,1259,škodlivosti,239,škodlivost,5,122,
,,,,,260,školnice,191,školnice,1,25,
66,škorica,4,6,110,,skořice,,skořice,1,,
302,skriňa,12,6,201,797,skříně,209,skříň,17,104,
627,skromnosť,6,8,539,1106,skromnosti,237,skromnost,3,121,
342,skrýša,2,6,208,,skrýše,,skrýše,1,,
602,skúsenosť,103,8,536,1053,zkušenosti,237,zkušenost,225,120,
586,skutočnosť,237,8,534,1004,skutečnosti,236,skutečnost,293,120,
506,slabosť,29,8,528,906,slabosti,235,slabost,7,119,
520,sladkosť,9,8,529,917,sladkosti,235,sladkost,1,119,
396,šľapaj,4,7,290,,šlépěje,,šlépěj,1,,
396,šľapaj,4,7,290,,šlépěje,,šlépěje,1,,
491,slasť,5,8,527,,slasti,,slast,1,119,
,,,,,590,Slávie,198,Slávie,10,28,
664,slávnosť,22,8,543,1183,slavnosti,238,slavnost,19,122,
,,,,,964,sledovanosti,236,sledovanost,5,119,
,slepica,1,6,110,296,slepice,191,slepice,6,25,
87,slivovica,2,6,111,,slivovice,,slivovice,1,,
27,slnečnica,12,6,107,,slunečnice,,slunečnice,1,25,
429,slobodáreň,6,7,357,,,,,0,,
,slobodymilovnosť,1,8,543,1200,svobodymilovnosti,238,svobodymilovnost,1,122,
,slovesnosť,1,8,541,1150,slovesnosti,238,slovesnost,7,121,
,slušnosť,1,8,541,1154,slušnosti,238,slušnost,2,121,
545,smelosť,5,8,530,,smělosti,,smělost,1,,
47,smernica,10,6,109,268,směrnice,191,směrnice,75,25,
480,smeť,13,8,502,,smeti,,smeť,1,,
732,smršť,3,8,549,,smršti,,smršť,1,123,
485,smrť,180,8,527,887,smrti,235,smrt,27,118,
,,,,,258,smrtelnice,191,smrtelnice,1,25,
,,,,,1097,smysluplnosti,237,smysluplnost,2,121,
321,snemovňa,3,6,202,,sněmovny,,sněmovna,10,12,
481,sneť,4,8,502,,sneti,,sněť,1,,
,,,,,783,snídaně,208,snídaně,5,31,
,,,,,846,Soběslavě,212,Soběslav,1,124,
,socializácia,1,6,122,152,socializace,189,socializace,59,24,
,sociológia,1,6,128,470,sociologie,197,sociologie,112,27,
204,Sofia,2,6,128,454,Sofie,197,Sofie,7,27,
407,soľ,56,8,319,869,soli,229,sůl,35,99,
,sondáž,1,7,724,732,sondáže,204,sondáž,5,163,
,,,,,837,souvratě,210,souvrať,1,123,
307,spálňa,9,6,201,,,,,0,,
,špecializácia,1,6,122,151,specializace,189,specializace,37,24,
517,špecifickosť,3,8,529,,,,,0,,
,špecifičnosť,1,8,533,1010,specifičnosti,236,specifičnost,8,120,
,špecifikácia,1,6,118,16,specifikace,187,specifikace,3,23,
119,špekulácia,3,6,119,,spekulace,,spekulace,4,23,
61,špica,3,6,110,298,špice,191,špice,5,25,
,špinavosť,1,8,546,1248,špinavosti,239,špinavost,2,122,
479,spleť,3,8,502,,spleti,,spleť,3,123,
684,spojitosť,2,8,545,1228,spojitosti,239,spojitost,22,122,
612,spokojnosť,12,8,537,1049,spokojenosti,237,spokojenost,9,120,
,spoľahlivosť,1,8,547,1261,spolehlivosti,239,spolehlivost,13,122,
,spoločenskosť,1,8,530,923,společenskosti,235,společenskost,2,119,
584,spoločnosť,14,8,533,999,společnosti,236,společnost,512,120,
3,spolupráca,20,6,106,201,spolupráce,190,spolupráce,193,24,
,spoluúčasť,1,8,527,890,spoluúčasti,235,spoluúčast,3,119,
,spontánnosť,1,8,539,1111,spontánnosti,237,spontánnost,2,121,
,spôsobilosť,1,8,530,939,způsobilosti,236,způsobilost,7,119,
377,spoveď,2,7,240,,zpovědi,,zpověď,1,,
,,,,,1077,spravedlnosti,237,spravedlnost,7,120,
666,správnosť,9,8,543,1186,správnosti,238,správnost,19,122,
710,spravodlivosť,26,8,547,,,,,0,,
327,sprievodkyňa,4,6,203,,,,,0,,
695,sprostosť,3,8,545,,sprostosti,,sprostost,1,,
579,srdečnosť,2,8,533,,srdečnosti,,srdečnost,1,,
728,srsť,4,8,549,1291,srsti,239,srst,5,123,
,stabilizácia,1,6,122,171,stabilizace,189,stabilizace,5,24,
124,stagnácia,2,6,119,65,stagnace,188,stagnace,4,23,
305,stajňa,15,6,201,604,stáje,199,stáj,8,90,
15,stálica,4,6,106,,stálice,,stálice,1,,
22,stanica,97,6,107,225,stanice,191,stanice,94,25,
679,starosť,48,8,544,1222,starosti,239,starost,41,122,
714,starostlivosť,25,8,547,1268,starostlivosti,239,starostlivost,1,122,
,starožitnosť,1,8,542,1165,starožitnosti,238,starožitnost,3,121,
585,statočnosť,6,8,534,1002,statečnosti,236,statečnost,3,120,
24,stavebnica,2,6,107,230,stavebnice,191,stavebnice,12,25,
,stáž,1,7,725,747,stáže,205,stáž,4,163,
,,,,,1271,stažlivosti,239,stažlivost,2,122,
,sťažnosť,1,8,544,1216,stížnosti,239,stížnost,12,122,
,stenografia,1,6,127,447,stenografie,197,stenografie,1,27,
51,Štiavnica,2,6,109,,,,,0,,
71,štica,4,6,110,,,,,0,,
,stimulácia,1,6,119,49,stimulace,188,stimulace,13,23,
,stolica,1,6,107,221,stolice,190,stolice,3,25,
416,stráň,17,7,356,,stráně,,stráň,3,104,
,straníckosť,1,8,529,916,stranickosti,235,stranickost,4,119,
,strasť,1,8,527,895,strasti,235,strast,3,119,
,stratégia,1,6,128,458,strategie,197,strategie,8,27,
,stratifikácia,1,6,118,23,stratifikace,187,stratifikace,3,23,
747,stráž,22,7,725,738,stráže,204,stráž,11,163,
,striezlivosť,1,8,547,1269,střízlivosti,239,střízlivost,1,122,
,strmosť,1,8,530,955,strmosti,236,strmost,22,119,
430,strojáreň,4,7,357,,strojírny,,strojírna,9,11,
,stropnica,1,6,108,264,stropnice,191,stropnice,4,25,
,,,,,106,strukturace,188,strukturace,3,23,
202,štúdia,5,6,127,438,studie,197,studie,48,27,
299,studňa,36,6,201,,studny,,studna,20,9,
398,stupaj,2,7,290,,,,,0,,
,stupnica,1,6,108,265,stupnice,191,stupnice,10,25,
486,štvrť,13,7,527,841,čtvrtě,211,čtvrť,42,123,multiple G
486,štvrť,13,7,527,888,čtvrti,235,čtvrť,42,123,multiple G
486,štvrť,13,7,527,841,čtvrtě,211,čtvrt,21,118,multiple G
486,štvrť,13,7,527,888,čtvrti,235,čtvrt,21,118,multiple G
146,štylizácia,3,6,123,,stylizace,,stylizace,1,24,
,subjektivizácia,1,6,124,198,subjektivizace,189,subjektivizace,2,24,
,substancia,1,6,125,372,substance,193,substance,13,26,
646,súčasnosť,15,8,541,1145,současnosti,238,současnost,36,121,
489,súčasť,21,8,527,897,součásti,235,součást,156,119,
,suchosť,1,8,528,912,suchosti,235,suchost,2,119,
,súčinnosť,1,8,539,1119,součinnosti,238,součinnost,9,121,
,sudica,1,6,106,213,sudice,190,sudice,2,25,
,súdnosť,1,8,535,1043,soudnosti,237,soudnost,2,120,
,súdržnosť,1,8,544,1219,soudržnosti,239,soudržnost,8,122,
,sugescia,1,6,126,411,sugesce,195,sugesce,16,27,
306,sukňa,13,6,201,800,sukně,209,sukně,15,33,
39,suknica,3,6,108,,suknice,,suknice,1,,
,súmernosť,1,8,540,1133,souměrnosti,238,souměrnost,10,121,
,,,,,851,supervelmoci,226,supervelmoc,2,20,
,supravodivosť,1,8,547,1255,supravodivosti,239,supravodivost,1,122,
,súradnica,1,6,108,238,souřadnice,191,souřadnice,7,25,
426,sušiareň,2,7,357,,sušárny,,sušárna,11,11,
,,,,,304,Sušice,192,Sušice,7,26,
495,sústrasť,2,8,527,,soustrasti,,soustrast,1,,
,suť,1,7,551,1298,suti,240,suť,2,123,
744,súťaž,23,7,724,756,soutěže,205,soutěž,136,163,
552,súvislosť,102,8,531,946,souvislosti,236,souvislost,119,119,
682,svätosť,2,8,545,,svatosti,,svatost,1,,
330,svätyňa,2,6,203,825,svatyně,210,svatyně,9,35,
685,svedomitosť,2,8,545,,svědomitosti,,svědomitost,2,122,
,svetlosť,1,8,531,947,světlosti,236,světlost,5,119,
,,,,,633,svévole,201,svévole,2,29,
4,svieca,7,6,106,,svíce,,svíce,1,,
725,sviežosť,2,8,549,900,svěžesti,235,svěžest,5,119,
303,sviňa,4,6,201,,svině,,svině,1,,
,,,,,618,svízele,200,svízel,2,98,
,svojpomoc,1,8,232,853,svépomoci,226,svépomoc,3,20,
,svorkovnica,1,6,109,285,svorkovnice,191,svorkovnice,2,25,
233,symfónia,2,6,132,,symfonie,,symfonie,2,28,
253,sympatia,8,6,136,585,sympatie,198,sympatie,15,28,
,symptomatológia,1,6,129,486,symptomatologie,197,symptomatologie,1,28,
,synchrónia,1,6,133,539,synchronie,198,synchronie,4,28,
,syntax,1,7,562,688,syntaxe,203,syntax,21,127,
,systematičnosť,1,8,533,1015,systematičnosti,236,systematičnost,1,120,
,systemizácia,1,6,123,173,systemizace,189,systemizace,5,24,
,systémovosť,1,8,548,1286,systémovosti,239,systémovost,2,123,
,sýtosť,1,8,546,1245,sytosti,239,sytost,1,122,
283,tabuľa,21,6,191,638,tabule,201,tabule,13,29,
294,tácňa,2,6,201,,,,,0,,
,,,,,626,tajle,200,tajle,1,29,
608,tajnosť,7,8,537,,tajnosti,,tajnost,1,,
,tajomnosť,1,8,539,1104,tajemnosti,237,tajemnost,1,121,
26,tanečnica,4,6,107,234,tanečnice,191,tanečnice,3,25,
231,Tanzánia,2,6,132,,Tanzanie,,Tanzanie,1,,
,taxonómia,1,6,131,526,taxonomie,198,taxonomie,8,28,
532,ťažkosť,37,8,530,925,těžkosti,235,těžkost,10,119,
,technológia,1,6,129,480,technologie,197,technologie,49,28,
308,tehelňa,5,6,201,,cihelny,,cihelna,13,11,
81,tekvica,3,6,110,,,,,0,,
,telefonizácia,1,6,123,178,telefonizace,189,telefonizace,2,24,
,telekomunikácia,1,6,118,31,telekomunikace,187,telekomunikace,3,23,
263,televízia,5,6,137,710,televize,204,televize,91,30,
296,telocvičňa,2,6,201,,tělocvičny,,tělocvična,1,,
182,tendencia,30,6,125,378,tendence,194,tendence,92,26,
,tendenčnosť,1,8,533,1021,tendenčnosti,237,tendenčnost,2,120,
,tenzia,1,6,137,717,tenze,204,tenze,12,30,
245,teória,67,6,134,568,teorie,198,teorie,457,28,
,terapia,1,6,133,543,terapie,198,terapie,2,28,
53,terčovnica,2,6,109,,terčovnice,,terčovnice,1,,
212,terminológia,2,6,129,481,terminologie,197,terminologie,11,28,
,tesnosť,1,8,541,1151,těsnosti,238,těsnost,3,121,
,textília,1,6,130,512,textilie,197,textilie,7,28,
,téza,5,5,219,707,teze,204,teze,15,30,
513,tichosť,7,8,528,,tichosti,,tichost,1,,
444,tieseň,3,7,358,,tísně,,tíseň,1,104,
,,,,,787,tkáně,209,tkáň,11,104,
363,tlač,31,7,232,,,,,0,,
,tlačenica,1,6,108,246,tlačenice,191,tlačenice,1,25,
424,tlačiareň,4,7,357,,,,,0,,
,točivosť,1,8,547,1253,točivosti,239,točivost,3,122,
312,tôňa,12,6,202,810,tůně,210,tůně,1,35,
,topografia,1,6,127,450,topografie,197,topografie,1,27,
,topológia,1,6,129,483,topologie,197,topologie,7,28,
,totožnosť,1,8,544,1218,totožnosti,239,totožnost,3,122,
,,,,,796,Toušeně,209,Toušeň,14,104,
440,továreň,41,7,358,,továrny,,továrna,28,11,
153,tradícia,27,6,124,210,tradice,190,tradice,146,25,
,trafostanica,1,6,107,226,trafostanice,191,trafostanice,3,25,
197,tragédia,12,6,126,433,tragédie,197,tragédie,13,27,
,trakcia,1,6,124,334,trakce,193,trakce,10,26,
,tramvaj,1,7,291,602,tramvaje,199,tramvaj,18,90,
,transformácia,1,6,119,62,transformace,188,transformace,28,23,
,transfúzia,1,6,137,729,transfúze,204,transfúze,5,30,
,transmisia,1,6,136,667,transmise,203,transmise,5,30,
,transpirácia,1,6,120,95,transpirace,188,transpirace,6,23,
472,trať,40,7,447,836,tratě,210,trať,42,123,multiple G
472,trať,40,7,447,875,trati,235,trať,42,123,multiple G
,,,,,803,Třeboně,210,Třeboň,5,104,
,trénovanosť,1,8,532,969,trénovanosti,236,trénovanost,1,119,
69,tretica,3,6,110,307,třetice,192,třetice,1,26,
,triangulácia,1,6,119,45,triangulace,188,triangulace,1,23,
208,trilógia,6,6,128,,trilogie,,trilogie,2,27,
,trofej,5,7,291,606,trofeje,199,trofej,6,90,"Retrográdny slovník lists this as 4, though it is 7"
11,trojica,2,6,106,215,trojice,190,trojice,3,25,
715,trpezlivosť,8,8,547,1260,trpělivosti,239,trpělivost,4,122,
525,trpkosť,11,8,530,,trpkosti,,trpkost,1,,
535,trúfalosť,2,8,530,,troufalosti,,troufalost,1,,
458,trýzeň,6,7,358,,trýzně,,trýzeň,1,,
,tučnosť,1,8,534,1025,tučnosti,237,tučnost,1,120,
,tuja,1,6,138,613,túje,199,túje,3,29,
,turbulencia,1,6,125,383,turbulence,194,turbulence,3,26,
461,tvár,427,7,392,650,tváře,202,tvář,38,112,
,tvárnica,1,6,108,266,tvárnice,191,tvárnice,7,25,
640,tvárnosť,3,8,540,,tvárnosti,,tvárnost,1,,
,tvorivosť,1,8,548,1274,tvořivosti,239,tvořivost,9,122,
,tvŕdz,1,7,240,726,tvrze,204,tvrz,15,163,tvrdz=tvŕdz
,tvŕdza,1,6,115,726,tvrze,204,tvrz,15,163,
369,tyč,7,7,236,425,tyče,196,tyč,6,21,
,typizácia,1,6,123,183,typizace,189,typizace,9,24,
,typológia,1,6,129,484,typologie,197,typologie,7,28,
488,účasť,34,8,527,889,účasti,235,účast,108,118,
23,učebnica,3,6,107,229,učebnice,191,učebnice,10,25,
,učenosť,1,8,535,1048,učenosti,237,učenost,3,120,
632,účinnosť,8,8,539,1120,účinnosti,238,účinnost,55,121,
,učnica,1,6,107,235,učnice,191,učnice,1,25,
534,udalosť,63,8,530,934,události,236,událost,78,119,
10,udica,7,6,106,,udice,,udice,1,,
,,,,,1220,údržnosti,239,údržnost,3,122,
662,ukrutnosť,2,8,542,,ukrutnosti,,ukrutnost,1,,
20,ulica,203,6,107,222,ulice,190,ulice,113,25,
,umelkyňa,1,6,203,819,umělkyně,210,umělkyně,6,35,
,úmrtnosť,1,8,542,1172,úmrtnosti,238,úmrtnost,4,121,
,unavenosť,1,8,536,1056,unavenosti,237,unavenost,1,120,
237,únia,2,6,133,542,unie,198,unie,3,28,
,,,,,299,Úpice,192,Úpice,4,25,
620,úplnosť,6,8,538,1098,úplnosti,237,úplnost,14,121,
626,úprimnosť,5,8,539,,upřímnosti,,upřímnost,1,,
,Uránia,1,6,132,532,Uránie,198,Uránie,1,28,
,úrazovosť,1,8,549,1289,úrazovosti,239,úrazovost,9,123,
,určenosť,1,8,535,1047,určenosti,237,určenost,1,120,
683,určitosť,2,8,545,,určitosti,,určitost,2,122,
185,urgencia,2,6,125,,urgence,,urgence,5,26,
597,úrodnosť,2,8,534,1041,úrodnosti,237,úrodnost,5,120,
450,úroveň,35,7,358,812,úrovně,210,úroveň,253,104,
,úspešnosť,1,8,541,1152,úspěšnosti,238,úspěšnost,6,121,
,usporiadanosť,1,8,530,957,uspořádanosti,236,uspořádanost,2,119,
298,ústredňa,3,6,201,,ústředny,,ústředna,6,9,
,uvedomelosť,1,8,530,935,uvědomělosti,236,uvědomělost,4,119,
,uvoľnenosť,1,8,535,1064,uvolněnosti,237,uvolněnost,1,120,
,úžitkovosť,1,8,548,1285,užitkovosti,239,užitkovost,20,123,
531,úzkosť,16,8,530,,úzkosti,,úzkost,1,119,
,,,,,1026,vadnosti,237,vadnost,2,120,
293,vaňa,2,6,201,,vany,,vana,8,9,
,variácia,1,6,118,14,variace,187,variace,20,23,
,variantnosť,1,8,542,1166,variantnosti,238,variantnost,3,121,
448,vášeň,20,7,358,806,vášně,210,vášeň,8,104,
,väznica,1,6,109,291,věznice,191,věznice,3,25,
,väznica,1,6,109,289,vaznice,191,vaznice,1,25,
671,vážnosť,6,8,544,1212,vážnosti,239,vážnost,4,122,
576,vďačnosť,7,8,532,1006,vděčnosti,236,vděčnost,2,120,
354,vec,874,8,230,848,věci,224,věc,288,20,
331,večera,29,6,204,652,večeře,202,večeře,8,30,
583,večnosť,22,8,533,1007,věčnosti,236,věčnost,1,120,
516,vedeckosť,3,8,529,915,vědeckosti,235,vědeckost,1,119,
557,vedomosť,8,8,531,954,vědomosti,236,vědomost,15,119,
138,vegetácia,2,6,121,109,vegetace,188,vegetace,9,24,
524,veľkosť,33,8,530,921,velikosti,235,velikost,128,119,
357,veľmoc,3,8,232,,velmoci,,velmoc,8,20,
341,Venuša,5,6,208,,Venuše,,Venuše,5,30,
,,,,,316,vepřovice,192,vepřovice,1,26,
610,verejnosť,10,8,537,1068,veřejnosti,237,veřejnost,51,120,
642,vernosť,18,8,540,1135,věrnosti,238,věrnost,8,121,
,verzia,1,6,137,721,verze,204,verze,15,30,
465,ves,6,8,402,874,vsi,234,ves,8,113,
546,veselosť,9,8,530,,veselosti,,veselost,1,,
,,,,,273,vesnice,191,vesnice,66,25,
,vetva,12,5,218,686,větve,203,větev,27,124,
64,veverica,4,6,110,,veveřice,,veveřice,1,,
344,veža,51,6,222,758,věže,205,věž,63,163,
,vhodnosť,1,8,534,1036,vhodnosti,237,vhodnost,5,120,
,viazanosť,1,8,532,977,vázanosti,236,vázanost,10,119,
,vibrácia,1,6,120,84,vibrace,188,vibrace,2,23,
65,víchrica,5,6,110,300,vichřice,192,vichřice,4,25,
,vidlica,1,6,106,219,vidlice,190,vidlice,3,25,
417,Viedeň,19,7,356,790,Vídně,209,Vídeň,18,104,
,vierohodnosť,1,8,534,1035,věrohodnosti,237,věrohodnost,2,120,
316,višňa,3,6,202,,višně,,višně,1,34,
316,višňa,3,6,202,,višně,,višeň,1,,
262,vízia,2,6,137,,vize,,vize,1,,choosing the <z> spelling because it seems to be preferred by the czech reverse dictionary
492,vlasť,99,8,527,892,vlasti,235,vlast,45,119,
654,vlastnosť,55,8,542,1173,vlastnosti,238,vlastnost,302,121,
522,vlhkosť,2,8,530,920,vlhkosti,235,vlhkost,50,119,
471,vňať,6,7,443,835,natě,210,nať,1,123,
,vnútornosť,1,8,540,1144,vnitřnosti,238,vnitřnost,1,121,
,vodivosť,1,8,547,1254,vodivosti,239,vodivost,27,122,
,vokalizácia,1,6,122,157,vokalizace,189,vokalizace,1,24,
280,vôľa,142,6,191,645,vůle,201,vůle,25,29,
624,voľnosť,11,8,539,1094,volnosti,237,volnost,7,121,
313,vôňa,49,6,202,811,vůně,210,vůně,8,35,
721,vonkajšosť,2,8,548,,,,,0,,
50,vrátnica,2,6,109,,vrátnice,,vrátnice,1,25,
607,vrchnosť,13,8,536,,vrchnosti,,vrchnost,1,,
,všednosť,1,8,534,1031,všednosti,237,všednost,3,120,
,všemohúcnosť,1,8,532,994,všemohoucnosti,236,všemohoucnost,1,120,
571,všeobecnosť,3,8,532,,všeobecnosti,,všeobecnost,1,120,
,vtáčnica,1,6,107,233,ptáčnice,191,ptáčnice,4,25,
,vybavenosť,1,8,536,1055,vybavenosti,237,vybavenost,15,120,
301,vyhňa,13,6,201,,,,,0,,
,výhodnosť,1,8,534,1037,výhodnosti,237,výhodnost,3,120,
,výlučnosť,1,8,534,1023,výlučnosti,237,výlučnost,3,120,
606,vymoženosť,2,8,536,1062,vymoženosti,237,vymoženost,20,120,
,vynaliezavosť,1,8,547,1252,vynalézavosti,239,vynalézavost,1,122,
,výplň,1,7,358,802,výplně,210,výplň,6,104,
,vypočítavosť,1,8,547,1251,vypočítavosti,239,vypočítavost,2,122,
,výpomoc,1,8,232,854,výpomci,226,výpomoc,4,20,
378,výpoveď,18,7,240,864,výpovědi,227,výpověď,36,23,
,vypracovanosť,1,8,531,961,vypracovanosti,236,vypracovanost,1,119,
,,,,,1293,výpusti,239,výpusť,1,123,
582,výrečnosť,3,8,533,,výrečnosti,,výřečnost,1,,
,výš,1,7,411,678,výše,203,výše,95,30,
,,,,,422,výseče,196,výseč,1,20,
668,výslovnosť,3,8,543,1201,výslovnosti,238,výslovnost,6,122,
681,výsosť,3,8,544,,výsosti,,výsost,1,,
,vyspelosť,1,8,530,937,vyspělosti,236,vyspělost,9,119,
,výstroj,1,4,291,612,výstroje,199,výstroj,2,90,
,vytrvalosť,1,8,530,933,vytrvalosti,236,vytrvalost,8,119,
,výzbroj,1,7,291,611,výzbroje,199,výzbroj,5,90,
,vzácnosť,1,8,532,987,vzácnosti,236,vzácnost,5,120,
,vzájomnosť,1,8,539,1105,vzájemnosti,237,vzájemnost,1,121,
559,vzdelanosť,2,8,531,958,vzdělanosti,236,vzdělanost,7,119,
601,vzdialenosť,24,8,535,1051,vzdálenosti,237,vzdálenost,93,120,
,vzlínavosť,1,8,546,1249,vzlínavosti,239,vzlínavost,2,122,
,vzorkovnica,1,6,109,286,vzorkovnice,191,vzorkovnice,2,25,
,,,,,535,z-linie,198,z-linie,2,28,
,zábavnosť,1,8,542,1182,zábavnosti,238,zábavnost,1,122,
,,,,,777,zádě,208,záď,13,23,multiple G
,,,,,859,zádi,227,záď,13,23,multiple G
,zádrž,1,7,725,769,zádrže,205,zádrž,2,163,
,zainteresovanosť,1,8,532,972,zainteresovanosti,236,zainteresovanost,4,119,
,,,,,1247,zajímavosti,239,zajímavost,23,122,
297,základňa,16,6,201,,základny,,základna,77,9,
687,zákonitosť,20,8,545,1232,zákonitosti,239,zákonitost,65,122,
,zákonnosť,1,8,539,1122,zákonnosti,238,zákonnost,3,121,
,,,,,817,žákyně,210,žákyně,4,35,
691,záležitosť,10,8,545,1238,záležitosti,239,záležitost,86,122,
,záludnosť,1,8,534,1042,záludnosti,237,záludnost,1,120,
,žalúzia,1,6,137,599,žaluzie,199,žaluzie,1,29,
,zámernosť,1,8,540,1132,záměrnosti,238,záměrnost,1,121,
,zamestnanosť,1,8,531,959,zaměstnanosti,236,zaměstnanost,1,119,
,zanietenosť,1,8,536,1045,zanícenosti,237,zanícenost,1,120,
539,zaostalosť,7,8,530,,zaostalosti,,zaostalost,2,119,
49,zápisnica,9,6,109,,zápisnice,,zápisnice,1,,
,zášť,1,7,549,1294,zášti,239,zášť,1,123,
,zástupkyňa,1,6,203,821,zástupkyně,210,zástupkyně,2,35,
,záťaž,1,7,724,754,zátěže,205,zátěž,18,163,
702,zaujímavosť,7,8,546,,,,,0,,
,záušnica,1,6,109,276,záušnice,191,záušnice,4,25,
,závažnosť,1,8,544,1211,závažnosti,239,závažnost,2,122,
,záväznosť,1,8,543,1208,závaznosti,239,závaznost,2,122,
550,závislosť,6,8,531,944,závislosti,236,závislost,91,119,
505,závisť,7,8,528,,závisti,,závist,4,119,
,závitnica,1,6,109,278,závitnice,191,závitnice,4,25,
,,,,,243,závodnice,191,závodnice,1,25,
577,zázračnosť,2,8,532,,zázračnosti,,zázračnost,1,,
542,zbabelosť,2,8,530,,zbabělosti,,zbabělost,1,,
415,zbraň,57,7,356,785,zbraně,209,zbraň,28,104,
,zbrojnica,1,6,108,255,zbrojnice,191,zbrojnice,2,25,
,zdatnosť,1,8,541,1156,zdatnosti,238,zdatnost,1,121,
,,,,,866,zdi,227,zeď,50,23,
423,zeleň,15,7,357,793,zeleně,209,zeleň,7,104,
428,železiareň,3,7,357,,železárny,,železárna,19,11,
56,železnica,31,6,109,290,železnice,191,železnice,16,25,
410,zem,460,7,320,780,země,208,země,487,31,
410,zem,460,7,320,780,země,208,zem,32,100,
286,zemeguľa,5,6,191,643,zeměkoule,201,zeměkoule,6,29,
528,ženskosť,2,8,530,,ženskosti,,ženskost,1,,
508,žiadosť,38,8,528,910,žádosti,235,žádost,27,119,
,žiadúcnosť,1,8,532,992,žádoucnosti,236,žádoucnost,2,120,
,žiara,8,5,204,651,záře,202,záře,9,30,
,žiarivosť,1,8,548,1272,zářivosti,239,zářivost,1,122,
712,žiarlivosť,6,8,547,,žárlivosti,,žárlivost,2,122,
45,zimnica,2,6,108,,zimnice,,zimnice,1,,
617,živelnosť,5,8,537,,živelnosti,,živelnost,1,,
80,živica,3,6,110,314,živice,192,živice,3,26,
,životaschopnosť,1,8,540,1125,životaschopnosti,238,životaschopnost,1,121,
653,životnosť,3,8,542,1170,životnosti,238,životnost,14,121,
,žízeň,1,7,358,830,žízně,210,žízeň,5,104,
,,,,,1137,zkratuvzdornosti,238,zkratuvzdornost,1,121,
365,žlč,3,7,236,,žluče,,žluč,1,,
,zlomyseľnosť,1,8,538,1101,zlomyslnosti,237,zlomyslnost,2,121,
554,zlosť,40,8,531,952,zlosti,236,zlost,2,119,
694,zložitosť,4,8,545,1241,složitosti,239,složitost,30,122,
,zmeniteľnosť,1,8,538,1088,směnitelnosti,237,směnitelnost,1,121,
466,zmes,9,8,402,872,směsi,234,směs,71,113,
,,,,,885,změti,235,změť,2,123,
537,znalosť,19,8,530,929,znalosti,235,znalost,91,119,
555,známosť,10,8,531,953,známosti,236,známost,2,119,
,,,,,832,žně,210,žně,15,35,
592,zodpovednosť,25,8,534,1034,zodpovědnosti,237,zodpovědnost,9,120,
48,zornica,3,6,109,270,zornice,191,zornice,2,25,
578,zotrvačnosť,7,8,533,998,setrvačnosti,236,setrvačnost,3,120,
380,žrď,9,7,240,,,,,,,
,zrelosť,1,8,530,931,zralosti,235,zralost,7,119,
34,zrenica,2,6,108,,,,,0,,
,zrnitosť,1,8,545,1233,zrnitosti,239,zrnitost,6,122,
,zrozumiteľnosť,1,8,538,1087,srozumitelnosti,237,srozumitelnost,3,121,
588,zručnosť,2,8,534,1024,zručnosti,237,zručnost,13,120,
718,zúrivosť,2,8,548,1275,zuřivosti,239,zuřivost,1,122,
699,zvedavosť,8,8,546,,zvědavosti,,zvědavost,1,,
463,zver,11,8,396,656,zvěře,202,zvěř,14,112,
502,zvesť,11,8,528,,zvěsti,,zvěst,1,119,
658,zvláštnosť,13,8,542,1178,zvláštnosti,238,zvláštnost,32,122,
549,zvyklosť,4,8,531,943,zvyklosti,236,zvyklost,11,119,